2,1,7
2,1,2
2,1,1
2,1,9
2,1,0
2,1,6
2,1,4
2,1,8
2,1,5
2,1,3
23,2,7
23,2,2
24,2,6
22,2,1
23,2,4
22,2,5
22,2,8
24,2,0
24,2,9
23,2,3
191,3,0
212,3,8
191,3,6
212,3,5
191,3,4
106,3,7
191,3,2
191,3,1
212,3,9
212,3,3
212,4,2
212,4,9
212,4,7
212,4,6
212,4,0
212,4,1
212,4,3
212,4,5
212,4,4
212,4,8
212,5,0
212,5,4
212,5,6
212,5,1
212,5,9
212,5,7
212,5,8
212,5,3
212,5,2
212,5,5
212,6,0
212,6,2
212,6,9
212,6,4
212,6,6
212,6,7
212,6,5
212,6,8
212,6,3
212,6,1
212,7,0
190,7,2
212,7,5
212,7,7
191,7,6
212,7,1
212,7,4
212,7,8
212,7,9
212,7,3
212,8,7
212,8,1
191,8,6
212,8,0
212,8,2
212,8,9
190,8,3
212,8,8
212,8,5
212,8,4
212,9,0
212,9,2
190,9,1
212,9,8
212,9,4
192,9,9
212,9,3
212,9,7
212,9,6
212,9,5
212,10,9
212,10,2
212,10,1
212,10,3
212,10,8
212,10,7
212,10,5
212,10,6
212,10,0
212,10,4
190,11,0
192,11,1
190,11,6
190,11,9
191,11,2
192,11,5
191,11,4
191,11,7
191,11,3
192,11,8
45,12,0
66,12,1
45,12,6
44,12,2
44,12,9
23,12,3
22,12,5
44,12,4
22,12,8
129,12,7
192,13,0
213,13,3
213,13,8
192,13,2
106,13,7
192,13,9
192,13,4
170,13,1
213,13,5
192,13,6
213,14,7
213,14,0
213,14,6
213,14,2
213,14,4
213,14,9
213,14,8
213,14,5
213,14,3
213,14,1
213,15,7
213,15,0
192,15,6
213,15,2
213,15,4
213,15,5
191,15,1
213,15,3
213,15,8
213,15,9
213,16,0
213,16,7
213,16,4
214,16,2
213,16,8
213,16,6
213,16,5
212,16,1
213,16,9
213,16,3
213,17,2
213,17,0
213,17,8
213,17,5
213,17,4
213,17,9
192,17,7
214,17,6
213,17,3
192,17,1
213,18,7
213,18,0
213,18,4
173,18,2
191,18,8
191,18,5
213,18,9
213,18,1
213,18,6
213,18,3
191,19,0
233,19,2
213,19,9
212,19,4
213,19,8
213,19,7
213,19,3
213,19,1
213,19,6
213,19,5
170,20,0
169,20,5
168,20,2
190,20,9
193,20,7
190,20,8
190,20,4
211,20,6
190,20,1
190,20,3
169,21,7
170,21,4
170,21,8
190,21,0
168,21,9
190,21,2
149,21,5
168,21,6
149,21,3
170,21,1
45,22,0
65,22,4
67,22,2
105,22,7
44,22,8
46,22,9
86,22,5
46,22,6
65,22,3
65,22,1
191,23,0
191,23,4
191,23,5
192,23,9
150,23,7
191,23,2
212,23,6
212,23,8
212,23,3
190,23,1
212,24,7
190,24,4
192,24,0
190,24,8
192,24,9
193,24,5
212,24,3
212,24,6
192,24,1
190,24,2
170,25,7
191,25,4
191,25,0
191,25,2
191,25,6
191,25,9
211,25,5
170,25,8
191,25,3
211,25,1
191,26,7
191,26,5
171,26,2
191,26,0
191,26,8
191,26,6
191,26,4
191,26,9
191,26,3
171,26,1
171,27,0
171,27,4
171,27,8
171,27,5
171,27,9
171,27,7
171,27,2
171,27,1
171,27,6
171,27,3
151,28,0
171,28,8
171,28,9
171,28,4
171,28,6
171,28,7
171,28,5
171,28,2
171,28,1
191,28,3
191,29,7
191,29,0
191,29,5
191,29,6
191,29,4
169,29,8
191,29,2
171,29,9
191,29,1
191,29,3
191,30,0
191,30,5
191,30,4
191,30,9
191,30,2
191,30,6
191,30,7
191,30,8
191,30,3
191,30,1
191,31,0
149,31,1
171,31,4
170,31,2
169,31,9
149,31,5
170,31,7
169,31,6
171,31,8
171,31,3
65,32,8
66,32,1
46,32,9
24,32,6
87,32,5
45,32,2
24,32,0
65,32,4
106,32,7
44,32,3
212,33,0
170,33,8
110,33,7
191,33,6
170,33,5
191,33,2
191,33,1
191,33,9
170,33,4
170,33,3
212,34,0
212,34,8
212,34,5
212,34,2
212,34,7
212,34,4
212,34,9
212,34,6
212,34,1
212,34,3
212,35,0
212,35,4
212,35,8
212,35,9
212,35,1
192,35,5
192,35,7
212,35,2
212,35,6
170,35,3
212,36,7
212,36,0
212,36,8
212,36,1
212,36,4
212,36,2
212,36,9
212,36,5
212,36,3
212,36,6
212,37,6
212,37,0
212,37,5
212,37,4
191,37,1
191,37,7
212,37,2
212,37,8
212,37,3
212,37,9
190,38,7
128,38,6
190,38,0
190,38,2
212,38,3
190,38,4
212,38,5
212,38,1
212,38,8
212,38,9
212,39,7
212,39,6
212,39,0
212,39,1
212,39,3
212,39,2
212,39,5
212,39,9
212,39,8
212,39,4
212,40,7
191,40,6
212,40,0
190,40,1
212,40,4
212,40,5
212,40,8
212,40,2
212,40,3
212,40,9
191,41,7
191,41,0
171,41,1
170,41,8
190,41,9
192,41,3
170,41,6
190,41,2
171,41,4
191,41,5
129,42,6
147,42,7
45,42,0
85,42,1
24,42,9
46,42,2
64,42,4
44,42,5
65,42,8
43,42,3
45,43,6
88,43,7
189,43,0
168,43,8
168,43,4
190,43,5
168,43,3
168,43,1
189,43,9
189,43,2
190,44,6
189,44,7
191,44,0
211,44,1
211,44,4
190,44,8
168,44,3
191,44,5
211,44,2
211,44,9
191,45,6
211,45,9
211,45,4
211,45,3
211,45,5
211,45,0
211,45,8
211,45,2
211,45,7
211,45,1
211,46,6
189,46,7
211,46,0
211,46,1
211,46,3
211,46,4
211,46,8
190,46,9
211,46,2
211,46,5
211,47,6
211,47,7
211,47,0
211,47,1
211,47,3
211,47,4
211,47,8
232,47,5
211,47,9
211,47,2
211,48,7
211,48,3
211,48,0
211,48,9
211,48,4
191,48,5
211,48,8
211,48,2
232,48,6
168,48,1
191,49,6
211,49,0
211,49,7
211,49,8
192,49,1
148,49,3
191,49,4
191,49,5
211,49,9
211,49,2
24,50,6
212,50,1
191,50,8
211,50,7
212,50,3
192,50,0
212,50,2
212,50,4
212,50,9
210,50,5
149,51,3
169,51,0
170,51,4
149,51,1
168,51,9
171,51,5
149,51,8
210,51,6
169,51,7
168,51,2
171,52,6
86,52,7
65,52,0
86,52,8
64,52,3
86,52,1
44,52,4
67,52,9
43,52,5
46,52,2
169,53,1
65,53,6
190,53,0
170,53,3
169,53,4
169,53,8
171,53,5
110,53,7
190,53,9
190,53,2
190,54,7
192,54,0
212,54,1
169,54,3
212,54,5
212,54,2
171,54,6
212,54,9
212,54,4
212,54,8
212,55,6
212,55,0
212,55,4
212,55,3
212,55,8
212,55,9
212,55,2
212,55,5
212,55,7
212,55,1
212,56,7
232,56,0
233,56,3
212,56,1
212,56,8
212,56,6
212,56,2
212,56,9
212,56,4
212,56,5
212,57,6
212,57,7
212,57,0
212,57,5
212,57,4
212,57,8
212,57,1
212,57,3
212,57,2
212,57,9
212,58,6
212,58,8
212,58,0
212,58,3
212,58,4
212,58,5
212,58,2
212,58,7
212,58,1
212,58,9
233,59,7
212,59,3
212,59,0
191,59,8
212,59,6
212,59,9
212,59,4
212,59,2
192,59,1
212,59,5
212,60,6
212,60,7
212,60,1
212,60,8
212,60,5
212,60,3
212,60,9
212,60,4
212,60,2
212,60,0
191,61,7
191,61,0
192,61,4
190,61,2
191,61,1
191,61,5
190,61,9
190,61,6
192,61,3
192,61,8
45,62,0
44,62,5
65,62,4
65,62,3
64,62,8
24,62,9
46,62,2
65,62,1
149,62,6
126,62,7
128,63,6
169,63,4
170,63,3
212,63,1
170,63,5
212,63,9
130,63,7
190,63,0
169,63,2
191,63,8
212,64,0
192,64,5
212,64,6
212,64,3
191,64,2
190,64,7
212,64,9
212,64,1
191,64,4
213,64,8
213,65,3
213,65,0
233,65,7
213,65,8
192,65,1
213,65,4
213,65,2
233,65,6
213,65,9
212,65,5
213,66,0
213,66,7
213,66,6
191,66,8
213,66,1
213,66,9
213,66,5
172,66,2
213,66,4
192,66,3
214,67,0
213,67,7
214,67,1
234,67,2
214,67,4
214,67,9
214,67,3
214,67,8
214,67,5
214,67,6
214,68,2
214,68,7
192,68,3
214,68,0
193,68,6
214,68,4
214,68,1
214,68,8
214,68,9
214,68,5
192,69,3
193,69,7
214,69,1
193,69,5
214,69,4
214,69,2
214,69,6
214,69,0
214,69,8
193,69,9
214,70,0
214,70,2
214,70,4
214,70,1
214,70,5
214,70,6
214,70,9
214,70,7
214,70,3
214,70,8
192,71,6
192,71,2
172,71,8
193,71,0
172,71,7
194,71,4
193,71,5
193,71,3
192,71,9
193,71,1
23,72,1
23,72,0
24,72,6
65,72,7
44,72,3
24,72,9
24,72,2
23,72,5
44,72,8
22,72,4
214,73,1
149,73,3
172,73,6
214,73,2
214,73,5
214,73,0
171,73,7
214,73,4
193,73,9
214,73,8
192,74,1
214,74,9
214,74,5
214,74,4
214,74,0
214,74,8
214,74,2
214,74,3
193,74,6
214,74,7
214,75,1
214,75,7
214,75,3
214,75,6
214,75,8
214,75,2
214,75,0
214,75,5
214,75,9
214,75,4
214,76,1
214,76,6
214,76,0
214,76,4
236,76,3
193,76,9
214,76,2
236,76,7
192,76,5
214,76,8
214,77,1
214,77,0
214,77,8
214,77,4
192,77,3
193,77,6
214,77,9
214,77,5
214,77,2
214,77,7
214,78,1
214,78,6
193,78,2
214,78,0
214,78,7
214,78,4
214,78,3
214,78,5
214,78,9
214,78,8
214,79,0
214,79,6
214,79,2
214,79,4
214,79,5
214,79,7
214,79,1
214,79,8
214,79,9
214,79,3
214,80,1
214,80,0
192,80,3
214,80,2
192,80,7
214,80,8
193,80,9
214,80,5
193,80,6
214,80,4
171,81,1
193,81,5
194,81,4
193,81,8
192,81,9
171,81,6
193,81,7
171,81,2
171,81,3
193,81,0
45,82,1
23,82,0
44,82,3
23,82,5
22,82,4
23,82,8
24,82,9
23,82,7
45,82,2
45,82,6
213,83,9
213,83,6
213,83,4
213,83,8
213,83,7
213,83,2
213,83,1
213,83,0
213,83,5
213,83,3
213,84,1
213,84,9
213,84,4
213,84,6
213,84,5
213,84,8
213,84,2
213,84,7
213,84,0
213,84,3
213,85,0
213,85,3
213,85,4
213,85,2
213,85,6
213,85,5
213,85,8
213,85,7
213,85,1
213,85,9
191,86,1
191,86,5
192,86,2
171,86,6
191,86,7
213,86,9
213,86,3
213,86,8
213,86,4
213,86,0
213,87,1
213,87,0
213,87,5
213,87,9
213,87,2
213,87,7
213,87,8
213,87,3
213,87,4
213,87,6
213,88,0
213,88,2
213,88,1
213,88,6
213,88,5
213,88,8
213,88,3
213,88,4
213,88,9
213,88,7
213,89,1
213,89,5
193,89,2
213,89,9
213,89,8
192,89,6
213,89,7
191,89,3
191,89,0
213,89,4
213,90,1
213,90,3
213,90,0
213,90,4
213,90,7
213,90,9
213,90,5
213,90,6
213,90,8
213,90,2
193,91,3
192,91,1
191,91,6
192,91,5
192,91,7
191,91,9
192,91,0
192,91,8
191,91,2
193,91,4
22,92,3
23,92,1
23,92,0
24,92,6
23,92,7
23,92,8
22,92,4
24,92,2
23,92,5
24,92,9
191,93,3
213,93,1
213,93,5
193,93,6
213,93,9
213,93,2
213,93,4
192,93,7
192,93,8
213,93,0
213,94,3
213,94,0
213,94,1
213,94,6
234,94,7
213,94,4
213,94,9
234,94,8
192,94,2
191,94,5
213,95,0
213,95,6
213,95,1
213,95,8
213,95,9
213,95,3
213,95,4
213,95,7
213,95,2
213,95,5
191,96,4
213,96,1
213,96,5
213,96,9
213,96,2
193,96,6
213,96,8
213,96,7
213,96,0
213,96,3
213,97,4
213,97,0
213,97,5
213,97,1
213,97,7
213,97,3
213,97,2
213,97,8
213,97,9
213,97,6
213,98,3
213,98,8
192,98,4
193,98,7
213,98,9
213,98,1
191,98,5
192,98,6
213,98,0
213,98,2
213,99,3
213,99,5
213,99,9
213,99,6
213,99,8
213,99,4
213,99,0
213,99,1
213,99,2
213,99,7
213,100,0
213,100,1
213,100,9
192,100,5
213,100,4
213,100,8
213,100,2
192,100,7
213,100,6
213,100,3
192,101,0
193,101,3
192,101,7
191,101,6
192,101,8
192,101,5
191,101,9
192,101,1
193,101,4
191,101,2
22,102,3
23,102,8
24,102,6
23,102,1
22,102,4
24,102,2
23,102,7
23,102,5
23,102,0
24,102,9
213,103,1
213,103,0
213,103,7
213,103,4
213,103,5
213,103,9
213,103,2
213,103,3
192,103,6
191,103,8
213,104,3
213,104,2
213,104,1
213,104,5
213,104,0
213,104,8
213,104,9
213,104,7
213,104,4
213,104,6
191,105,1
213,105,5
213,105,0
213,105,9
192,105,2
213,105,7
213,105,4
213,105,3
213,105,6
213,105,8
192,106,1
213,106,4
213,106,7
213,106,0
213,106,3
192,106,2
213,106,9
213,106,6
170,106,5
213,106,8
191,107,0
213,107,9
213,107,3
213,107,8
191,107,1
192,107,4
193,107,7
192,107,2
235,107,5
192,107,6
213,108,2
213,108,5
213,108,0
213,108,3
213,108,6
213,108,1
192,108,8
213,108,9
213,108,4
192,108,7
213,109,3
213,109,0
213,109,4
213,109,6
213,109,2
213,109,7
213,109,9
213,109,5
213,109,8
213,109,1
193,110,0
213,110,8
213,110,1
213,110,4
192,110,3
213,110,2
213,110,6
213,110,5
213,110,7
213,110,9
212,111,0
191,111,9
192,111,8
191,111,6
193,111,4
192,111,5
193,111,3
192,111,7
192,111,1
191,111,2
23,112,0
23,112,8
24,112,6
24,112,9
23,112,2
23,112,5
22,112,1
22,112,4
23,112,7
22,112,3
211,113,1
191,113,0
211,113,4
211,113,7
211,113,2
168,113,3
191,113,6
211,113,8
211,113,9
211,113,5
211,114,8
189,114,1
191,114,6
211,114,2
211,114,4
211,114,9
211,114,3
211,114,0
211,114,7
211,114,5
211,115,1
211,115,0
211,115,6
211,115,4
189,115,3
211,115,5
211,115,7
211,115,8
191,115,9
211,115,2
211,116,1
189,116,0
211,116,4
211,116,2
211,116,5
211,116,7
211,116,8
211,116,9
211,116,3
190,116,6
211,117,3
211,117,1
211,117,2
211,117,8
211,117,4
211,117,7
211,117,6
211,117,9
211,117,0
211,117,5
211,118,1
211,118,0
191,118,9
191,118,2
211,118,4
211,118,7
211,118,8
168,118,3
211,118,5
211,118,6
211,119,0
211,119,1
190,119,7
190,119,8
211,119,5
211,119,2
211,119,4
211,119,3
211,119,6
211,119,9
211,120,1
211,120,0
211,120,8
211,120,2
211,120,9
191,120,6
211,120,5
211,120,7
189,120,3
211,120,4
191,121,3
191,121,1
190,121,0
189,121,9
190,121,5
190,121,7
189,121,6
190,121,8
191,121,4
190,121,2
22,122,3
23,122,0
23,122,2
22,122,4
23,122,5
23,122,8
24,122,6
22,122,1
23,122,7
24,122,9
211,123,0
211,123,6
211,123,8
211,123,7
191,123,2
211,123,1
211,123,3
211,123,9
190,123,4
211,123,5
211,124,3
191,124,9
211,124,6
211,124,8
211,124,5
211,124,2
211,124,7
189,124,1
211,124,0
211,124,4
211,125,3
211,125,2
211,125,9
211,125,1
211,125,8
211,125,4
211,125,5
211,125,0
211,125,6
211,125,7
190,126,3
211,126,1
191,126,7
190,126,8
190,126,2
190,126,0
169,126,5
211,126,6
211,126,4
211,126,9
190,127,1
211,127,0
190,127,5
211,127,2
190,127,7
190,127,3
190,127,6
211,127,8
190,127,9
190,127,4
211,128,0
211,128,2
211,128,3
211,128,5
211,128,8
211,128,9
211,128,1
211,128,6
211,128,7
211,128,4
211,129,3
211,129,1
211,129,6
211,129,0
211,129,2
211,129,9
211,129,7
211,129,5
211,129,8
211,129,4
211,130,7
189,130,1
191,130,6
211,130,0
211,130,9
211,130,2
211,130,8
211,130,3
211,130,4
211,130,5
191,131,1
190,131,7
190,131,2
189,131,9
189,131,6
190,131,5
191,131,3
190,131,8
190,131,0
191,131,4
22,132,1
22,132,0
43,132,3
24,132,6
43,132,7
24,132,9
23,132,5
23,132,8
23,132,2
22,132,4
210,133,1
210,133,5
189,133,3
189,133,6
210,133,0
210,133,2
168,133,7
210,133,9
210,133,8
210,133,4
210,134,0
189,134,5
189,134,2
210,134,9
210,134,7
210,134,3
210,134,6
190,134,8
189,134,1
210,134,4
211,135,3
210,135,0
210,135,1
210,135,7
210,135,9
210,135,6
210,135,8
210,135,2
210,135,5
210,135,4
211,136,0
211,136,1
211,136,6
211,136,8
211,136,4
211,136,3
211,136,5
211,136,9
211,136,7
211,136,2
211,137,3
211,137,8
211,137,5
211,137,7
211,137,2
212,137,0
211,137,1
211,137,9
211,137,6
212,137,4
213,138,7
213,138,9
213,138,1
213,138,6
213,138,2
192,138,8
213,138,4
192,138,3
213,138,0
213,138,5
213,139,1
213,139,0
192,139,7
213,139,8
213,139,6
213,139,2
213,139,4
213,139,5
192,139,3
213,139,9
213,140,3
213,140,0
213,140,9
213,140,5
213,140,7
213,140,6
213,140,8
213,140,1
213,140,4
213,140,2
193,141,1
191,141,6
192,141,8
170,141,2
192,141,7
192,141,0
192,141,5
192,141,3
170,141,9
192,141,4
23,142,0
44,142,7
22,142,1
23,142,5
44,142,3
45,142,2
24,142,6
45,142,9
23,142,8
23,142,4
192,143,3
192,143,7
213,143,5
213,143,9
213,143,2
213,143,0
193,143,6
191,143,1
213,143,8
213,143,4
213,144,3
213,144,0
213,144,5
213,144,1
213,144,8
213,144,7
233,144,6
213,144,9
213,144,4
213,144,2
213,145,1
213,145,3
213,145,0
213,145,8
213,145,2
213,145,9
213,145,4
213,145,5
191,145,7
192,145,6
213,146,3
213,146,6
213,146,8
213,146,7
213,146,1
213,146,5
213,146,9
213,146,4
213,146,0
213,146,2
213,147,3
213,147,0
213,147,2
213,147,6
213,147,9
213,147,1
213,147,8
213,147,7
213,147,4
213,147,5
213,148,3
213,148,0
213,148,5
213,148,6
213,148,1
213,148,4
213,148,8
213,148,7
213,148,9
213,148,2
213,149,1
191,149,5
213,149,0
192,149,9
213,149,2
213,149,3
213,149,4
213,149,8
213,149,7
213,149,6
192,150,3
213,150,5
213,150,1
213,150,6
213,150,9
192,150,8
213,150,0
213,150,7
213,150,2
213,150,4
193,151,1
192,151,0
170,151,3
171,151,5
192,151,7
170,151,6
171,151,2
192,151,8
191,151,9
192,151,4
66,152,5
23,152,8
23,152,4
45,152,9
22,152,1
66,152,3
45,152,6
44,152,7
44,152,2
23,152,0
191,153,1
213,153,0
192,153,7
193,153,6
192,153,5
213,153,8
192,153,3
213,153,4
192,153,2
213,153,9
213,154,0
213,154,6
213,154,4
213,154,7
213,154,9
213,154,5
213,154,2
213,154,3
213,154,8
213,154,1
171,155,6
213,155,8
192,155,4
213,155,7
213,155,1
213,155,3
191,155,5
213,155,9
191,155,0
192,155,2
213,156,0
213,156,1
213,156,7
213,156,9
213,156,3
213,156,6
213,156,4
234,156,2
213,156,8
213,156,5
213,157,3
213,157,0
213,157,2
213,157,8
213,157,4
213,157,1
213,157,7
213,157,6
213,157,5
213,157,9
213,158,4
213,158,6
212,158,9
213,158,1
213,158,7
213,158,8
213,158,3
213,158,0
213,158,5
213,158,2
212,159,3
212,159,0
212,159,5
212,159,2
212,159,9
212,159,4
212,159,6
212,159,8
212,159,1
212,159,7
212,160,3
212,160,1
212,160,0
212,160,5
212,160,7
212,160,4
212,160,2
212,160,9
212,160,6
212,160,8
191,161,3
191,161,0
191,161,2
191,161,9
190,161,6
192,161,1
191,161,4
191,161,5
191,161,7
191,161,8
44,162,3
23,162,0
44,162,7
23,162,8
24,162,6
23,162,5
23,162,2
23,162,4
22,162,1
23,162,9
190,163,1
191,163,7
191,163,4
192,163,6
212,163,8
191,163,3
191,163,9
191,163,2
191,163,5
212,163,0
212,164,6
212,164,4
212,164,9
212,164,1
212,164,8
212,164,3
212,164,0
212,164,5
212,164,2
212,164,7
190,165,0
212,165,4
212,165,7
212,165,2
212,165,3
212,165,1
212,165,9
212,165,8
191,165,6
212,165,5
212,166,3
212,166,0
212,166,9
192,166,2
212,166,4
191,166,1
191,166,6
212,166,8
190,166,5
212,166,7
212,167,3
190,167,1
212,167,2
212,167,5
192,167,6
212,167,4
212,167,7
212,167,8
212,167,9
212,167,0
212,168,7
212,168,9
212,168,5
212,168,1
212,168,6
212,168,8
212,168,2
212,168,0
212,168,4
212,168,3
212,169,3
212,169,0
212,169,1
191,169,2
191,169,9
212,169,6
212,169,8
212,169,5
191,169,7
191,169,4
212,170,3
212,170,8
212,170,9
212,170,1
212,170,0
212,170,5
212,170,7
212,170,4
233,170,2
212,170,6
191,171,2
192,171,1
191,171,8
212,171,4
169,171,3
191,171,7
191,171,5
169,171,6
191,171,0
191,171,9
66,172,3
22,172,1
45,172,6
44,172,5
44,172,7
23,172,8
23,172,0
23,172,4
23,172,9
44,172,2
212,173,0
212,173,8
191,173,2
170,173,5
212,173,1
191,173,7
169,173,3
191,173,6
212,173,9
191,173,4
212,174,0
212,174,8
212,174,2
212,174,9
212,174,7
212,174,6
212,174,5
212,174,3
212,174,4
212,174,1
212,175,3
212,175,5
191,175,0
212,175,6
212,175,8
212,175,7
191,175,2
212,175,4
212,175,1
212,175,9
212,176,3
212,176,5
212,176,7
212,176,4
212,176,8
212,176,9
212,176,6
212,176,2
212,176,0
212,176,1
191,177,3
212,177,1
212,177,6
191,177,9
212,177,4
212,177,8
212,177,5
212,177,0
212,177,7
212,177,2
212,178,1
212,178,9
212,178,0
212,178,8
212,178,7
212,178,2
212,178,3
212,178,5
212,178,6
212,178,4
212,179,2
212,179,9
212,179,3
212,179,1
212,179,8
212,179,5
212,179,0
212,179,4
212,179,6
212,179,7
149,180,3
191,180,0
191,180,2
212,180,6
212,180,9
191,180,8
212,180,1
212,180,4
212,180,7
212,180,5
192,181,1
191,181,5
191,181,0
191,181,9
191,181,8
170,181,4
190,181,6
191,181,2
170,181,3
191,181,7
65,182,5
44,182,0
22,182,1
44,182,8
23,182,7
65,182,2
150,182,3
45,182,6
44,182,9
65,182,4
149,183,5
170,183,2
148,183,4
191,183,8
169,183,6
191,183,0
192,183,7
191,183,9
64,183,3
191,183,1
233,184,3
211,184,5
211,184,0
211,184,2
211,184,9
211,184,1
211,184,8
211,184,6
233,184,4
211,184,7
211,185,3
211,185,5
211,185,2
211,185,9
211,185,0
232,185,1
211,185,6
211,185,8
211,185,4
211,185,7
211,186,5
211,186,0
211,186,9
211,186,7
211,186,3
211,186,4
211,186,6
211,186,1
211,186,8
211,186,2
191,187,3
190,187,1
211,187,0
211,187,2
211,187,9
211,187,6
211,187,8
211,187,7
211,187,4
211,187,5
211,188,0
211,188,3
211,188,7
211,188,1
211,188,4
211,188,6
211,188,5
211,188,9
211,188,2
211,188,8
211,189,5
211,189,6
211,189,8
211,189,4
211,189,0
211,189,2
211,189,1
211,189,9
211,189,3
211,189,7
211,190,5
211,190,7
211,190,8
211,190,1
211,190,4
211,190,0
211,190,9
211,190,6
232,190,3
211,190,2
169,191,5
191,191,1
190,191,6
190,191,4
190,191,9
190,191,3
190,191,7
190,191,0
169,191,8
190,191,2
44,192,8
23,192,6
23,192,0
44,192,4
43,192,1
23,192,7
64,192,3
107,192,5
23,192,9
44,192,2
169,193,5
169,193,8
211,193,4
211,193,9
190,193,7
191,193,3
211,193,0
190,193,1
190,193,2
211,193,6
211,194,9
211,194,8
211,194,6
211,194,0
211,194,4
211,194,7
211,194,2
211,194,5
231,194,3
211,194,1
107,195,2
190,195,0
190,195,5
190,195,9
190,195,6
190,195,1
211,195,4
190,195,7
211,195,8
190,195,3
211,196,0
211,196,6
211,196,1
211,196,3
190,196,9
169,196,2
190,196,4
211,196,8
169,196,5
169,196,7
190,197,2
211,197,5
211,197,0
211,197,9
211,197,7
190,197,1
190,197,8
211,197,3
190,197,6
190,197,4
190,198,2
190,198,3
190,198,8
169,198,5
190,198,7
190,198,4
190,198,9
190,198,1
169,198,0
190,198,6
190,199,5
190,199,6
190,199,4
190,199,2
190,199,7
190,199,9
190,199,3
190,199,8
190,199,0
190,199,1
190,200,7
190,200,3
190,200,4
232,200,2
190,200,9
190,200,5
190,200,8
190,200,6
190,200,1
190,200,0
191,201,1
169,201,7
190,201,9
190,201,0
169,201,2
148,201,5
190,201,4
169,201,6
169,201,8
190,201,3
23,202,0
23,202,3
22,202,1
65,202,2
107,202,5
65,202,8
23,202,9
44,202,4
65,202,6
44,202,7
86,203,5
169,203,2
149,203,8
190,203,3
169,203,9
190,203,0
169,203,6
190,203,4
149,203,7
148,203,1
169,204,5
211,204,1
190,204,0
190,204,6
169,204,8
190,204,9
169,204,3
190,204,2
190,204,7
190,204,4
190,205,5
190,205,0
190,205,8
169,205,2
190,205,7
190,205,3
190,205,4
190,205,1
190,205,6
190,205,9
190,206,5
169,206,3
211,206,2
169,206,4
190,206,1
190,206,7
169,206,8
169,206,0
169,206,6
190,206,9
211,207,0
211,207,6
211,207,8
211,207,2
211,207,4
190,207,5
211,207,9
211,207,7
211,207,3
211,207,1
211,208,5
211,208,1
211,208,8
211,208,7
211,208,2
211,208,0
211,208,6
211,208,3
211,208,9
211,208,4
211,209,5
211,209,3
211,209,0
211,209,6
211,209,4
211,209,2
211,209,9
190,209,1
211,209,7
191,209,8
211,210,5
211,210,2
211,210,1
190,210,6
211,210,4
211,210,3
211,210,7
211,210,9
211,210,8
190,210,0
190,211,5
190,211,0
169,211,4
190,211,8
169,211,9
191,211,1
190,211,2
169,211,7
169,211,6
190,211,3
23,212,0
65,212,4
65,212,8
44,212,2
22,212,1
44,212,6
128,212,5
44,212,3
65,212,9
65,212,7
169,213,3
86,213,5
169,213,9
169,213,4
169,213,7
190,213,6
190,213,1
190,213,8
211,213,2
190,213,0
211,214,5
211,214,0
211,214,2
211,214,4
211,214,3
211,214,1
211,214,8
211,214,6
211,214,7
211,214,9
211,215,3
211,215,5
211,215,1
211,215,9
211,215,4
211,215,0
190,215,2
211,215,6
211,215,7
190,215,8
190,216,0
211,216,9
211,216,4
211,216,7
211,216,8
190,216,5
211,216,1
190,216,6
211,216,3
190,216,2
211,217,6
211,217,5
211,217,9
191,217,8
211,217,0
211,217,3
190,217,1
211,217,7
211,217,4
211,217,2
211,218,4
170,218,5
211,218,7
169,218,1
211,218,8
170,218,6
211,218,9
211,218,2
211,218,3
211,218,0
211,219,5
211,219,8
211,219,9
211,219,7
211,219,3
190,219,6
169,219,4
211,219,2
190,219,0
211,219,1
211,220,5
169,220,8
211,220,0
190,220,3
169,220,4
211,220,2
211,220,6
190,220,9
169,220,7
211,220,1
170,221,1
190,221,9
170,221,5
190,221,6
190,221,4
169,221,0
169,221,8
190,221,2
190,221,7
190,221,3
65,222,0
106,222,8
127,222,5
44,222,2
64,222,1
44,222,4
44,222,7
44,222,3
65,222,9
44,222,6
128,223,5
190,223,4
190,223,2
190,223,7
169,223,1
190,223,6
169,223,9
169,223,0
211,223,3
128,223,8
190,224,8
169,224,3
169,224,4
211,224,0
190,224,1
211,224,2
211,224,6
149,224,7
190,224,5
210,224,9
189,225,0
210,225,1
232,225,5
210,225,9
189,225,4
210,225,6
189,225,3
190,225,8
210,225,7
210,225,2
210,226,8
210,226,5
210,226,7
210,226,2
189,226,9
170,226,4
210,226,0
189,226,1
210,226,3
210,226,6
210,227,8
210,227,6
210,227,1
210,227,3
210,227,4
210,227,2
210,227,9
210,227,7
210,227,5
210,227,0
189,228,4
210,228,8
210,228,0
210,228,7
210,228,9
210,228,3
169,228,5
210,228,6
210,228,2
189,228,1
210,229,7
190,229,2
210,229,8
189,229,0
210,229,1
189,229,6
168,229,9
210,229,4
210,229,3
210,229,5
210,230,4
210,230,5
209,230,2
210,230,7
210,230,6
210,230,0
210,230,9
231,230,3
210,230,1
210,230,8
188,231,0
209,231,5
188,231,4
188,231,7
188,231,8
188,231,3
189,231,1
189,231,9
189,231,2
188,231,6
105,232,8
85,232,1
65,232,7
126,232,4
45,232,6
85,232,9
84,232,5
44,232,3
22,232,2
107,232,0
147,233,0
210,233,3
148,233,8
128,233,4
168,233,7
189,233,2
147,233,9
210,233,6
168,233,1
129,233,5
210,234,0
210,234,1
189,234,3
210,234,9
210,234,2
210,234,6
210,234,4
210,234,5
210,234,7
189,234,8
210,235,0
189,235,7
189,235,5
210,235,1
190,235,8
189,235,2
210,235,3
189,235,9
190,235,4
210,235,6
210,236,1
210,236,6
210,236,7
190,236,0
210,236,4
189,236,3
210,236,9
189,236,2
189,236,5
210,236,8
210,237,5
210,237,0
210,237,7
210,237,4
210,237,8
210,237,6
210,237,9
210,237,1
210,237,3
210,237,2
210,238,0
210,238,1
210,238,8
210,238,3
230,238,4
210,238,2
189,238,7
210,238,9
189,238,5
210,238,6
210,239,0
210,239,1
189,239,4
210,239,7
210,239,9
189,239,6
210,239,3
189,239,8
189,239,2
189,239,5
189,240,1
189,240,5
169,240,8
168,240,9
189,240,7
189,240,2
189,240,6
189,240,3
189,240,4
189,240,0
169,241,9
169,241,5
189,241,4
148,241,1
148,241,8
168,241,3
148,241,2
168,241,7
148,241,0
167,241,6
126,242,8
43,242,2
64,242,9
63,242,4
44,242,3
65,242,7
83,242,5
64,242,1
45,242,6
64,242,0
168,243,0
168,243,9
128,243,4
189,243,3
168,243,7
189,243,1
189,243,6
127,243,8
149,243,5
189,243,2
189,244,1
189,244,9
189,244,8
189,244,6
189,244,7
189,244,0
210,244,4
189,244,3
189,244,5
189,244,2
146,245,1
210,245,4
189,245,9
210,245,5
190,245,6
169,245,0
210,245,8
210,245,3
210,245,2
210,245,7
210,246,0
190,246,4
189,246,2
210,246,3
231,246,1
211,246,9
210,246,8
210,246,7
210,246,5
210,246,6
191,247,9
210,247,5
211,247,3
211,247,7
211,247,0
210,247,8
211,247,1
190,247,2
210,247,6
210,247,4
189,248,0
210,248,9
210,248,8
210,248,4
210,248,2
210,248,1
189,248,5
210,248,6
210,248,3
210,248,7
210,249,9
210,249,7
210,249,2
210,249,6
210,249,4
210,249,1
210,249,0
210,249,8
211,249,3
210,249,5
211,250,8
211,250,4
211,250,5
211,250,0
211,250,2
211,250,9
211,250,6
211,250,3
211,250,7
211,250,1
167,251,4
168,251,3
190,251,9
148,251,6
170,251,2
190,251,0
191,251,1
190,251,7
170,251,5
169,251,8
107,252,8
43,252,1
108,252,4
43,252,2
86,252,0
105,252,5
45,252,3
86,252,9
44,252,7
65,252,6
105,253,4
107,253,8
169,253,1
107,253,5
190,253,2
190,253,3
169,253,6
169,253,7
148,253,0
148,253,9
169,254,5
190,254,3
148,254,4
190,254,9
190,254,6
190,254,1
170,254,7
190,254,8
190,254,0
169,254,2
190,255,0
190,255,5
190,255,3
190,255,2
190,255,7
190,255,8
190,255,9
190,255,1
149,255,4
190,255,6
190,256,7
190,256,8
190,256,3
190,256,0
190,256,1
147,256,5
190,256,2
190,256,6
170,256,4
190,256,9
190,257,3
167,257,4
190,257,9
190,257,8
190,257,6
190,257,1
190,257,2
190,257,5
190,257,7
190,257,0
190,258,1
192,258,4
190,258,6
169,258,3
190,258,2
190,258,8
190,258,5
168,258,0
190,258,7
190,258,9
190,259,4
190,259,9
190,259,7
169,259,2
191,259,8
126,259,5
190,259,0
190,259,6
190,259,3
190,259,1
190,260,7
190,260,9
169,260,6
190,260,1
169,260,8
190,260,3
190,260,4
212,260,5
190,260,0
190,260,2
169,261,0
169,261,7
169,261,8
169,261,9
170,261,1
170,261,2
190,261,6
149,261,5
168,261,3
169,261,4
44,262,9
106,262,4
127,262,5
44,262,7
64,262,2
84,262,8
64,262,1
44,262,0
44,262,6
45,262,3
190,263,3
128,263,5
169,263,1
190,263,7
128,263,4
169,263,2
150,263,8
190,263,6
190,263,9
190,263,0
211,264,1
211,264,2
211,264,3
189,264,0
211,264,5
231,264,8
190,264,9
211,264,6
211,264,4
190,264,7
211,265,0
211,265,5
210,265,2
211,265,4
210,265,6
210,265,7
210,265,9
210,265,8
210,265,3
210,265,1
190,266,0
190,266,3
190,266,7
190,266,9
170,266,2
190,266,8
190,266,6
210,266,4
190,266,1
190,266,5
191,267,2
190,267,5
192,267,6
191,267,4
191,267,7
191,267,9
190,267,8
191,267,0
191,267,3
191,267,1
192,268,5
192,268,3
192,268,7
192,268,1
192,268,4
192,268,9
170,268,0
192,268,8
192,268,2
192,268,6
171,269,3
171,269,5
171,269,6
171,269,7
171,269,8
192,269,0
171,269,4
191,269,2
171,269,9
192,269,1
170,270,1
191,270,5
191,270,8
170,270,7
149,270,3
191,270,9
148,270,4
170,270,2
170,270,0
170,270,6
150,271,1
170,271,5
170,271,0
149,271,7
170,271,9
129,271,8
149,271,4
148,271,3
150,271,2
148,271,6
65,272,0
64,272,5
85,272,8
85,272,9
87,272,3
128,272,4
64,272,2
85,272,1
66,272,6
86,272,7
169,273,3
150,273,5
169,273,7
105,273,4
190,273,1
129,273,8
169,273,9
190,273,2
108,273,0
169,273,6
147,274,8
190,274,4
169,274,6
190,274,2
190,274,1
148,274,9
170,274,5
169,274,3
169,274,7
189,274,0
169,275,9
169,275,6
190,275,5
169,275,7
169,275,3
169,275,4
169,275,1
169,275,2
169,275,0
169,275,8
190,276,9
211,276,7
190,276,8
190,276,3
190,276,1
190,276,5
190,276,6
169,276,2
190,276,0
190,276,4
169,277,5
170,277,6
190,277,3
190,277,0
190,277,4
169,277,7
190,277,1
190,277,8
168,277,2
190,277,9
190,278,0
190,278,3
190,278,9
190,278,5
169,278,7
190,278,6
190,278,1
169,278,8
190,278,4
212,278,2
190,279,1
190,279,0
190,279,5
190,279,9
190,279,8
190,279,4
190,279,2
190,279,6
190,279,7
190,279,3
190,280,1
190,280,7
190,280,4
190,280,5
190,280,0
189,280,9
189,280,3
190,280,8
190,280,6
190,280,2
189,281,2
167,281,4
187,281,6
168,281,0
168,281,8
189,281,9
188,281,7
188,281,5
189,281,1
167,281,3
43,282,5
43,282,2
64,282,3
23,282,7
66,282,4
43,282,9
83,282,8
45,282,6
43,282,1
65,282,0
189,283,0
146,283,4
210,283,5
189,283,3
189,283,9
190,283,1
189,283,7
189,283,6
149,283,8
210,283,2
210,284,8
211,284,1
211,284,4
211,284,5
211,284,2
211,284,9
211,284,0
232,284,6
211,284,3
211,284,7
211,285,5
211,285,9
211,285,3
211,285,0
211,285,8
211,285,2
211,285,6
211,285,1
211,285,7
211,285,4
211,286,8
189,286,9
211,286,4
211,286,7
211,286,3
211,286,1
211,286,0
191,286,6
211,286,2
211,286,5
211,287,0
211,287,7
191,287,6
211,287,9
211,287,1
211,287,3
211,287,8
211,287,4
189,287,2
211,287,5
211,288,6
211,288,7
211,288,5
211,288,2
211,288,9
190,288,1
211,288,0
211,288,8
211,288,3
190,288,4
211,289,4
211,289,7
211,289,5
211,289,8
231,289,6
211,289,2
211,289,9
211,289,1
211,289,3
211,289,0
211,290,3
211,290,2
211,290,8
189,290,9
190,290,5
211,290,4
211,290,7
211,290,0
191,290,6
190,290,1
190,291,1
190,291,5
190,291,3
189,291,6
191,291,9
191,291,2
169,291,0
169,291,8
169,291,4
169,291,7
44,292,3
44,292,6
65,292,7
65,292,0
22,292,2
44,292,5
85,292,8
107,292,4
65,292,1
65,292,9
107,293,4
190,293,2
129,293,8
147,293,9
211,293,5
190,293,3
169,293,0
191,293,6
190,293,7
169,293,1
211,294,6
211,294,5
190,294,8
211,294,9
211,294,7
190,294,3
211,294,2
211,294,0
211,294,1
211,294,4
190,295,8
211,295,0
211,295,3
211,295,9
211,295,5
211,295,6
211,295,2
190,295,1
211,295,4
211,295,7
190,296,8
211,296,9
211,296,2
211,296,7
211,296,3
190,296,5
211,296,6
211,296,1
211,296,4
211,296,0
189,297,9
211,297,4
191,297,6
211,297,7
211,297,1
211,297,5
211,297,0
211,297,3
211,297,8
211,297,2
168,298,8
190,298,1
190,298,4
211,298,0
190,298,6
211,298,3
211,298,5
190,298,7
211,298,2
211,298,9
211,299,8
211,299,9
211,299,4
211,299,2
211,299,7
211,299,6
211,299,1
211,299,0
211,299,3
211,299,5
