1,-3,1,1,1,0
-4,9,1,1,2,0
8,8,1,1,2,0
3,3,1,1,2,0
-6,4,1,1,2,0
9,-1,1,1,2,0
-4,-8,1,1,2,0
1,-3,2,1,2,0
-4,8,1,1,2,0
8,-4,1,1,2,0
8,6,1,1,3,0
-4,9,2,1,3,0
8,8,2,1,3,0
3,3,2,1,3,0
-6,4,2,1,3,0
9,-1,2,1,3,0
-4,-8,2,1,3,0
1,-3,3,1,3,0
-4,8,2,1,3,0
8,-4,2,1,3,0
-4,9,2,1,4,0
8,6,2,1,4,0
8,8,2,1,4,0
3,3,3,1,4,0
-6,4,3,1,4,0
9,-1,3,1,4,0
-4,-8,3,1,4,0
2,-3,4,1,4,0
1,-3,3,1,4,0
-4,8,3,1,4,0
8,-4,3,1,4,0
-4,9,2,1,5,0
8,6,3,1,5,0
3,3,4,1,5,0
8,8,3,1,5,0
9,-1,3,1,5,0
-4,-7,4,1,5,0
-6,4,4,1,5,0
-4,-8,3,1,5,0
2,-3,5,1,5,0
8,-1,4,1,5,0
1,-3,3,1,5,0
-4,8,4,1,5,0
8,-4,4,1,5,0
-4,9,2,1,6,0
8,6,4,1,6,0
8,8,3,1,6,0
3,3,5,1,6,0
9,-1,3,1,6,0
7,8,4,1,6,0
-4,-7,5,1,6,0
-6,4,5,1,6,0
-4,-8,3,1,6,0
2,-3,6,1,6,0
8,-1,5,1,6,0
1,-3,3,1,6,0
-4,8,5,1,6,0
8,-4,5,1,6,0
-4,9,2,1,7,0
8,6,4,1,7,0
7,6,5,1,7,0
8,8,3,1,7,0
3,3,6,1,7,0
7,-4,6,1,7,0
9,-1,3,1,7,0
7,8,5,1,7,0
-4,-7,6,1,7,0
-6,4,6,1,7,0
-4,-8,3,1,7,0
2,-3,7,1,7,0
8,-1,6,1,7,0
1,-3,3,1,7,0
8,-4,5,1,7,0
-4,8,6,1,7,0
-4,9,2,1,8,0
8,6,4,1,8,0
7,6,6,1,8,0
3,3,6,1,8,0
8,8,6,1,8,0
7,-4,7,1,8,0
9,-1,3,1,8,0
7,8,5,1,8,0
-4,-7,7,1,8,0
-6,4,7,1,8,0
-4,-8,3,1,8,0
2,-3,8,1,8,0
8,-1,7,1,8,0
1,-3,3,1,8,0
8,-4,5,1,8,0
-4,8,7,1,8,0
-4,9,2,1,9,0
8,6,4,1,9,0
7,6,7,1,9,0
3,3,7,1,9,0
8,8,7,1,9,0
7,-4,8,1,9,0
9,-1,3,1,9,0
7,8,5,1,9,0
-6,4,7,1,9,0
-4,-7,8,1,9,0
-4,-8,3,1,9,0
-5,4,8,1,9,0
2,-3,9,1,9,0
8,-1,8,1,9,0
-4,7,8,1,9,0
1,-3,3,1,9,0
8,-4,5,1,9,0
-4,8,8,1,9,0
-4,9,2,1,10,0
8,6,4,1,10,0
7,6,8,1,10,0
3,3,8,1,10,0
8,8,8,1,10,0
7,-4,9,1,10,0
9,-1,3,1,10,0
7,8,5,1,10,0
-6,4,7,1,10,0
-4,-7,9,1,10,0
-4,-8,3,1,10,0
-5,4,9,1,10,0
2,-3,9,1,10,0
8,-1,9,1,10,0
-4,7,9,1,10,0
1,-3,3,1,10,0
8,-4,5,1,10,0
-4,8,9,1,10,0
-4,9,2,1,11,0
8,6,4,1,11,0
7,6,9,1,11,0
4,3,9,1,11,0
3,3,8,1,11,0
7,-4,9,1,11,0
8,8,9,1,11,0
9,-1,3,1,11,0
7,8,5,1,11,0
-6,4,7,1,11,0
-4,-7,9,1,11,0
3,-3,11,1,11,0
-4,-8,3,1,11,0
-5,4,9,1,11,0
2,-3,9,1,11,0
8,-1,9,1,11,0
-4,7,9,1,11,0
1,-3,3,1,11,0
8,-4,5,1,11,0
-4,8,9,1,11,0
-4,9,2,1,12,0
8,6,4,1,12,0
7,6,9,1,12,0
4,3,9,1,12,0
8,7,11,1,12,0
3,3,8,1,12,0
8,8,9,1,12,0
7,-4,11,1,12,0
9,-1,3,1,12,0
7,8,5,1,12,0
-6,4,7,1,12,0
-4,-7,9,1,12,0
3,-3,12,1,12,0
-4,-8,3,1,12,0
-5,4,11,1,12,0
-3,-6,11,1,12,0
2,-3,9,1,12,0
8,-1,9,1,12,0
-4,7,11,1,12,0
1,-3,3,1,12,0
8,-4,5,1,12,0
-4,8,9,1,12,0
7,-1,11,1,12,0
-4,9,2,1,13,0
8,6,4,1,13,0
7,6,9,1,13,0
4,3,11,1,13,0
8,7,12,1,13,0
3,3,8,1,13,0
8,8,9,1,13,0
7,-4,11,1,13,0
6,6,11,1,13,0
9,-1,3,1,13,0
7,8,5,1,13,0
-6,4,7,1,13,0
-4,-7,9,1,13,0
3,-3,13,1,13,0
-4,-8,3,1,13,0
-5,4,12,1,13,0
-3,-6,12,1,13,0
6,-4,12,1,13,0
2,-3,9,1,13,0
8,-1,9,1,13,0
-4,7,11,1,13,0
1,-3,3,1,13,0
8,-4,5,1,13,0
-4,8,9,1,13,0
-3,7,12,1,13,0
7,-1,12,1,13,0
-4,9,2,1,14,0
8,6,4,1,14,0
7,6,9,1,14,0
8,7,12,1,14,0
4,3,12,1,14,0
3,3,8,1,14,0
8,8,9,1,14,0
7,-4,11,1,14,0
7,7,13,1,14,0
6,6,13,1,14,0
9,-1,3,1,14,0
7,8,5,1,14,0
-6,4,7,1,14,0
-4,-7,9,1,14,0
3,-3,14,1,14,0
-4,-8,3,1,14,0
-5,4,13,1,14,0
-3,-6,13,1,14,0
6,-4,13,1,14,0
2,-3,9,1,14,0
8,-1,9,1,14,0
-4,7,13,1,14,0
1,-3,3,1,14,0
8,-4,5,1,14,0
-4,8,9,1,14,0
-3,7,13,1,14,0
7,-1,13,1,14,0
-4,9,2,1,15,0
8,6,4,1,15,0
7,6,9,1,15,0
8,7,12,1,15,0
4,3,14,1,15,0
3,3,8,1,15,0
8,8,9,1,15,0
7,-4,11,1,15,0
7,7,14,1,15,0
6,6,14,1,15,0
9,-1,3,1,15,0
7,8,5,1,15,0
-6,4,7,1,15,0
-4,-7,9,1,15,0
3,-3,15,1,15,0
-4,-8,3,1,15,0
-5,4,13,1,15,0
-3,-6,14,1,15,0
-4,4,14,1,15,0
6,-4,14,1,15,0
2,-3,9,1,15,0
8,-1,9,1,15,0
-4,7,14,1,15,0
1,-3,3,1,15,0
8,-4,5,1,15,0
-4,8,9,1,15,0
-3,7,14,1,15,0
7,-1,14,1,15,0
-4,9,2,1,16,0
8,6,4,1,16,0
5,3,15,1,16,0
7,6,9,1,16,0
8,7,12,1,16,0
4,3,14,1,16,0
3,3,8,1,16,0
8,8,9,1,16,0
7,-4,11,1,16,0
7,7,15,1,16,0
6,6,15,1,16,0
9,-1,3,1,16,0
7,8,5,1,16,0
-6,4,7,1,16,0
-4,-7,9,1,16,0
3,-3,16,1,16,0
-4,-8,3,1,16,0
-5,4,13,1,16,0
-3,-6,15,1,16,0
-4,4,15,1,16,0
6,-4,15,1,16,0
2,-3,9,1,16,0
8,-1,9,1,16,0
-4,7,15,1,16,0
1,-3,3,1,16,0
8,-4,5,1,16,0
-4,8,9,1,16,0
-3,7,15,1,16,0
7,-1,15,1,16,0
-4,9,2,1,17,0
8,6,4,1,17,0
5,3,16,1,17,0
4,-3,17,1,17,0
7,6,9,1,17,0
8,7,12,1,17,0
4,3,14,1,17,0
3,3,8,1,17,0
8,8,9,1,17,0
7,-4,11,1,17,0
6,6,15,1,17,0
7,7,16,1,17,0
9,-1,3,1,17,0
7,8,5,1,17,0
-6,4,7,1,17,0
-4,-7,9,1,17,0
3,-3,16,1,17,0
-4,-8,3,1,17,0
-5,4,13,1,17,0
-3,-6,16,1,17,0
-4,4,16,1,17,0
6,-4,16,1,17,0
2,-3,9,1,17,0
8,-1,9,1,17,0
-4,7,16,1,17,0
1,-3,3,1,17,0
8,-4,5,1,17,0
-4,8,9,1,17,0
-3,7,16,1,17,0
7,-1,16,1,17,0
-4,9,2,1,18,0
8,6,4,1,18,0
4,-3,18,1,18,0
5,3,17,1,18,0
7,6,9,1,18,0
8,7,12,1,18,0
4,3,14,1,18,0
3,3,8,1,18,0
8,8,9,1,18,0
7,-4,11,1,18,0
7,7,17,1,18,0
6,6,17,1,18,0
6,-1,17,1,18,0
9,-1,3,1,18,0
7,8,5,1,18,0
-6,4,7,1,18,0
-4,-7,9,1,18,0
3,-3,16,1,18,0
-4,-8,3,1,18,0
-5,4,13,1,18,0
-3,-6,17,1,18,0
-4,4,17,1,18,0
6,-4,17,1,18,0
2,-3,9,1,18,0
8,-1,9,1,18,0
-4,7,17,1,18,0
1,-3,3,1,18,0
8,-4,5,1,18,0
-4,8,9,1,18,0
7,-1,16,1,18,0
-3,7,17,1,18,0
-4,9,2,1,19,0
8,6,4,1,19,0
4,-3,19,1,19,0
5,3,18,1,19,0
7,6,9,1,19,0
8,7,12,1,19,0
4,3,14,1,19,0
3,3,8,1,19,0
8,8,9,1,19,0
7,-4,11,1,19,0
6,6,17,1,19,0
7,7,18,1,19,0
6,-1,18,1,19,0
9,-1,3,1,19,0
7,8,5,1,19,0
-6,4,7,1,19,0
-4,-7,9,1,19,0
3,-3,16,1,19,0
5,6,18,1,19,0
-4,-8,3,1,19,0
-5,4,13,1,19,0
6,-4,17,1,19,0
-3,-6,18,1,19,0
-4,4,18,1,19,0
2,-3,9,1,19,0
8,-1,9,1,19,0
-4,6,18,1,19,0
-4,7,17,1,19,0
5,-4,18,1,19,0
1,-3,3,1,19,0
8,-4,5,1,19,0
-4,8,9,1,19,0
7,-1,16,1,19,0
-3,7,17,1,19,0
-4,9,2,1,20,0
8,6,4,1,20,0
4,-3,19,1,20,0
5,3,19,1,20,0
7,6,9,1,20,0
8,7,12,1,20,0
4,3,14,1,20,0
3,3,8,1,20,0
8,8,9,1,20,0
7,-4,11,1,20,0
6,6,17,1,20,0
7,7,18,1,20,0
6,-1,19,1,20,0
9,-1,3,1,20,0
-6,4,7,1,20,0
-4,-7,9,1,20,0
3,-3,16,1,20,0
7,8,19,1,20,0
5,6,19,1,20,0
-4,-8,3,1,20,0
-5,4,13,1,20,0
6,-4,17,1,20,0
-3,-6,18,1,20,0
-4,4,19,1,20,0
2,-3,9,1,20,0
8,-1,9,1,20,0
-4,6,19,1,20,0
-4,7,17,1,20,0
-2,-6,19,1,20,0
5,-4,19,1,20,0
1,-3,3,1,20,0
8,-4,5,1,20,0
-4,8,9,1,20,0
7,-1,16,1,20,0
-3,7,18,1,20,0
-4,9,2,1,21,0
8,6,4,1,21,0
4,-3,21,1,21,0
5,3,19,1,21,0
7,6,9,1,21,0
8,7,12,1,21,0
4,3,14,1,21,0
3,3,8,1,21,0
8,8,9,1,21,0
7,-4,11,1,21,0
6,6,17,1,21,0
7,7,18,1,21,0
6,-1,19,1,21,0
9,-1,3,1,21,0
-6,4,7,1,21,0
-4,-7,9,1,21,0
3,-3,16,1,21,0
7,8,19,1,21,0
5,6,19,1,21,0
-4,-8,3,1,21,0
-5,4,13,1,21,0
6,-4,17,1,21,0
-3,-6,18,1,21,0
-4,4,19,1,21,0
2,-3,9,1,21,0
8,-1,9,1,21,0
-4,6,19,1,21,0
-4,7,17,1,21,0
-2,-6,19,1,21,0
5,-4,19,1,21,0
1,-3,3,1,21,0
8,-4,5,1,21,0
-4,8,9,1,21,0
7,-1,16,1,21,0
-3,7,19,1,21,0
-4,9,2,1,22,0
8,6,4,1,22,0
4,-3,22,1,22,0
5,3,19,1,22,0
7,6,9,1,22,0
8,7,12,1,22,0
4,3,14,1,22,0
3,3,8,1,22,0
8,8,9,1,22,0
7,-4,11,1,22,0
6,6,17,1,22,0
7,7,18,1,22,0
6,-1,21,1,22,0
9,-1,3,1,22,0
-6,4,7,1,22,0
-4,-7,9,1,22,0
3,-3,16,1,22,0
7,8,21,1,22,0
5,6,21,1,22,0
-4,-8,3,1,22,0
-5,4,13,1,22,0
6,-4,17,1,22,0
-3,-6,18,1,22,0
-4,4,19,1,22,0
2,-3,9,1,22,0
8,-1,9,1,22,0
-3,4,21,1,22,0
-4,6,19,1,22,0
-4,7,17,1,22,0
-2,-6,21,1,22,0
5,-4,21,1,22,0
1,-3,3,1,22,0
8,-4,5,1,22,0
-4,8,9,1,22,0
7,-1,16,1,22,0
-3,7,19,1,22,0
6,3,21,1,22,0
-4,9,2,1,23,0
8,6,4,1,23,0
4,-3,23,1,23,0
5,3,19,1,23,0
-2,7,21,1,23,0
7,6,9,1,23,0
8,7,12,1,23,0
4,3,14,1,23,0
3,3,8,1,23,0
8,8,9,1,23,0
7,-4,11,1,23,0
6,6,17,1,23,0
7,7,18,1,23,0
6,-1,22,1,23,0
9,-1,3,1,23,0
-6,4,7,1,23,0
-4,-7,9,1,23,0
3,-3,16,1,23,0
7,8,21,1,23,0
5,6,22,1,23,0
-4,-8,3,1,23,0
-5,4,13,1,23,0
6,-4,17,1,23,0
-3,-6,18,1,23,0
-4,4,19,1,23,0
2,-3,9,1,23,0
8,-1,9,1,23,0
-3,4,21,1,23,0
-4,6,21,1,23,0
-4,7,17,1,23,0
-2,-6,22,1,23,0
5,-4,22,1,23,0
1,-3,3,1,23,0
8,-4,5,1,23,0
-4,8,9,1,23,0
7,-1,16,1,23,0
-3,7,19,1,23,0
6,3,22,1,23,0
-4,9,2,1,24,0
8,6,4,1,24,0
4,-3,24,1,24,0
5,3,19,1,24,0
-2,7,22,1,24,0
7,6,9,1,24,0
8,7,12,1,24,0
4,3,14,1,24,0
3,3,8,1,24,0
8,8,9,1,24,0
7,-4,11,1,24,0
6,6,17,1,24,0
7,7,18,1,24,0
6,-1,22,1,24,0
9,-1,3,1,24,0
-6,4,7,1,24,0
-4,-7,9,1,24,0
3,-3,16,1,24,0
7,8,23,1,24,0
5,6,23,1,24,0
-4,-8,3,1,24,0
-5,4,13,1,24,0
6,-4,17,1,24,0
-3,-6,18,1,24,0
-4,4,19,1,24,0
5,-1,23,1,24,0
2,-3,9,1,24,0
8,-1,9,1,24,0
-3,4,22,1,24,0
-4,6,22,1,24,0
-4,7,17,1,24,0
5,-4,22,1,24,0
-2,-6,23,1,24,0
1,-3,3,1,24,0
8,-4,5,1,24,0
-4,8,9,1,24,0
7,-1,16,1,24,0
-3,7,19,1,24,0
6,3,23,1,24,0
5,-5,23,1,24,0
-4,9,2,1,25,0
8,6,4,1,25,0
4,-3,25,1,25,0
5,3,19,1,25,0
-2,7,23,1,25,0
7,6,9,1,25,0
8,7,12,1,25,0
4,3,14,1,25,0
3,3,8,1,25,0
8,8,9,1,25,0
7,-4,11,1,25,0
6,6,17,1,25,0
7,7,18,1,25,0
6,-1,22,1,25,0
9,-1,3,1,25,0
-6,4,7,1,25,0
-4,-7,9,1,25,0
3,-3,16,1,25,0
7,8,24,1,25,0
5,6,24,1,25,0
-4,-8,3,1,25,0
-5,4,13,1,25,0
6,-4,17,1,25,0
-3,-6,18,1,25,0
-4,4,19,1,25,0
5,-1,24,1,25,0
2,-3,9,1,25,0
8,-1,9,1,25,0
-3,4,23,1,25,0
6,-5,24,1,25,0
-4,6,23,1,25,0
-4,7,17,1,25,0
5,-4,22,1,25,0
-2,-6,24,1,25,0
1,-3,3,1,25,0
8,-4,5,1,25,0
-4,8,9,1,25,0
7,-1,16,1,25,0
-3,7,19,1,25,0
5,-5,23,1,25,0
6,3,24,1,25,0
-4,9,2,1,26,0
8,6,4,1,26,0
4,-3,25,1,26,0
5,3,19,1,26,0
-2,7,24,1,26,0
7,6,9,1,26,0
8,7,12,1,26,0
4,3,14,1,26,0
3,3,8,1,26,0
8,8,9,1,26,0
7,-4,11,1,26,0
6,6,17,1,26,0
7,7,18,1,26,0
6,-1,22,1,26,0
9,-1,3,1,26,0
-6,4,7,1,26,0
-4,-7,9,1,26,0
3,-3,16,1,26,0
7,8,24,1,26,0
5,6,25,1,26,0
-4,-8,3,1,26,0
-5,4,13,1,26,0
6,-4,17,1,26,0
-3,-6,18,1,26,0
-4,4,19,1,26,0
5,-1,25,1,26,0
2,-3,9,1,26,0
8,-1,9,1,26,0
-3,4,24,1,26,0
6,-5,25,1,26,0
-4,6,24,1,26,0
5,-3,26,1,26,0
-4,7,17,1,26,0
5,-4,22,1,26,0
-2,-6,25,1,26,0
1,-3,3,1,26,0
8,-4,5,1,26,0
-4,8,9,1,26,0
7,-1,16,1,26,0
-3,7,19,1,26,0
5,-5,23,1,26,0
6,3,25,1,26,0
-4,9,2,1,27,0
8,6,4,1,27,0
4,-3,25,1,27,0
5,3,19,1,27,0
-2,7,25,1,27,0
7,6,9,1,27,0
8,7,12,1,27,0
4,3,14,1,27,0
-1,7,26,1,27,0
3,3,8,1,27,0
8,8,9,1,27,0
7,-4,11,1,27,0
6,6,17,1,27,0
6,-1,22,1,27,0
7,7,26,1,27,0
9,-1,3,1,27,0
-6,4,7,1,27,0
-4,-7,9,1,27,0
3,-3,16,1,27,0
7,8,24,1,27,0
5,6,25,1,27,0
-4,-8,3,1,27,0
-5,4,13,1,27,0
4,6,26,1,27,0
6,-4,17,1,27,0
-3,-6,18,1,27,0
-4,4,19,1,27,0
5,-1,26,1,27,0
2,-3,9,1,27,0
8,-1,9,1,27,0
-3,4,25,1,27,0
-4,5,25,1,27,0
6,-5,26,1,27,0
-4,6,24,1,27,0
5,-3,27,1,27,0
-4,7,17,1,27,0
5,-4,22,1,27,0
-2,-6,26,1,27,0
1,-3,3,1,27,0
8,-4,5,1,27,0
-4,8,9,1,27,0
7,-1,16,1,27,0
-3,7,19,1,27,0
5,-5,23,1,27,0
6,3,26,1,27,0
-4,9,2,1,28,0
8,6,4,1,28,0
4,-3,25,1,28,0
5,3,19,1,28,0
-2,7,25,1,28,0
7,6,9,1,28,0
8,7,12,1,28,0
4,3,14,1,28,0
-1,7,27,1,28,0
-1,-6,27,1,28,0
3,3,8,1,28,0
8,8,9,1,28,0
7,-4,11,1,28,0
6,6,17,1,28,0
6,-1,22,1,28,0
7,7,27,1,28,0
9,-1,3,1,28,0
-6,4,7,1,28,0
-4,-7,9,1,28,0
3,-3,16,1,28,0
7,8,24,1,28,0
5,6,25,1,28,0
-4,-8,3,1,28,0
-5,4,13,1,28,0
4,6,26,1,28,0
6,-4,17,1,28,0
-3,-6,18,1,28,0
-4,4,19,1,28,0
5,-1,27,1,28,0
2,-3,9,1,28,0
8,-1,9,1,28,0
-3,4,26,1,28,0
-4,5,26,1,28,0
6,-5,27,1,28,0
-4,6,24,1,28,0
5,-3,28,1,28,0
-4,7,17,1,28,0
5,-4,22,1,28,0
-2,-6,26,1,28,0
1,-3,3,1,28,0
8,-4,5,1,28,0
-4,8,9,1,28,0
7,-1,16,1,28,0
-3,7,19,1,28,0
5,-5,23,1,28,0
6,3,27,1,28,0
-4,9,2,1,29,0
8,6,4,1,29,0
4,-3,25,1,29,0
5,3,19,1,29,0
-2,7,25,1,29,0
7,6,9,1,29,0
8,7,12,1,29,0
4,3,14,1,29,0
-1,7,28,1,29,0
-1,-6,28,1,29,0
3,3,8,1,29,0
8,8,9,1,29,0
7,-4,11,1,29,0
6,6,17,1,29,0
6,-1,22,1,29,0
7,7,28,1,29,0
9,-1,3,1,29,0
-6,4,7,1,29,0
-4,-7,9,1,29,0
3,-3,16,1,29,0
7,8,24,1,29,0
5,6,25,1,29,0
-4,-8,3,1,29,0
-5,4,13,1,29,0
4,6,28,1,29,0
6,-4,17,1,29,0
-3,-6,18,1,29,0
-4,4,19,1,29,0
5,-1,28,1,29,0
2,-3,9,1,29,0
8,-1,9,1,29,0
-3,4,26,1,29,0
-4,5,27,1,29,0
6,-5,28,1,29,0
5,-2,29,1,29,0
-4,6,24,1,29,0
5,-3,28,1,29,0
-2,4,27,1,29,0
-4,7,17,1,29,0
5,-4,22,1,29,0
-2,-6,26,1,29,0
7,3,28,1,29,0
1,-3,3,1,29,0
8,-4,5,1,29,0
-4,8,9,1,29,0
7,-1,16,1,29,0
-3,7,19,1,29,0
5,-5,23,1,29,0
6,3,27,1,29,0
-4,9,2,1,30,0
8,6,4,1,30,0
4,-3,25,1,30,0
5,3,19,1,30,0
-2,7,25,1,30,0
7,6,9,1,30,0
8,7,12,1,30,0
4,3,14,1,30,0
-1,7,29,1,30,0
-1,-6,29,1,30,0
3,3,8,1,30,0
8,8,9,1,30,0
7,-4,11,1,30,0
6,6,17,1,30,0
6,-1,22,1,30,0
7,7,29,1,30,0
9,-1,3,1,30,0
-6,4,7,1,30,0
-4,-7,9,1,30,0
3,-3,16,1,30,0
7,8,24,1,30,0
5,6,25,1,30,0
-4,-8,3,1,30,0
-5,4,13,1,30,0
4,6,29,1,30,0
6,-4,17,1,30,0
-3,-6,18,1,30,0
-4,4,19,1,30,0
5,-1,28,1,30,0
2,-3,9,1,30,0
8,-1,9,1,30,0
-3,4,26,1,30,0
-4,5,27,1,30,0
5,-2,29,1,30,0
6,-5,29,1,30,0
5,-3,28,1,30,0
-2,4,28,1,30,0
-4,6,28,1,30,0
-4,7,17,1,30,0
5,-4,22,1,30,0
-2,-6,26,1,30,0
7,3,29,1,30,0
4,-1,29,1,30,0
1,-3,3,1,30,0
8,-4,5,1,30,0
-4,8,9,1,30,0
7,-1,16,1,30,0
-3,7,19,1,30,0
5,-5,23,1,30,0
6,3,27,1,30,0
-4,9,2,1,31,0
8,6,4,1,31,0
4,-3,25,1,31,0
5,3,19,1,31,0
-2,7,25,1,31,0
7,6,9,1,31,0
8,7,12,1,31,0
4,3,14,1,31,0
-1,7,29,1,31,0
-1,-6,29,1,31,0
3,3,8,1,31,0
8,8,9,1,31,0
7,-4,11,1,31,0
6,6,17,1,31,0
6,-1,22,1,31,0
7,7,29,1,31,0
9,-1,3,1,31,0
-6,4,7,1,31,0
-4,-7,9,1,31,0
3,-3,16,1,31,0
7,8,24,1,31,0
5,6,25,1,31,0
-4,-8,3,1,31,0
-5,4,13,1,31,0
4,6,29,1,31,0
6,-4,17,1,31,0
-3,-6,18,1,31,0
-4,4,19,1,31,0
5,-1,28,1,31,0
2,-3,9,1,31,0
8,-1,9,1,31,0
-3,4,26,1,31,0
-4,5,27,1,31,0
5,-2,31,1,31,0
6,-5,29,1,31,0
5,-3,28,1,31,0
-2,4,29,1,31,0
-4,6,29,1,31,0
-4,7,17,1,31,0
5,-4,22,1,31,0
-2,-6,26,1,31,0
7,3,29,1,31,0
4,-1,29,1,31,0
1,-3,3,1,31,0
8,-4,5,1,31,0
-4,8,9,1,31,0
7,-1,16,1,31,0
-3,7,19,1,31,0
5,-5,23,1,31,0
6,3,27,1,31,0
-4,9,2,1,32,0
8,6,4,1,32,0
4,-3,25,1,32,0
5,3,19,1,32,0
-2,7,25,1,32,0
7,6,9,1,32,0
8,7,12,1,32,0
4,3,14,1,32,0
-1,7,31,1,32,0
-1,-6,31,1,32,0
3,3,8,1,32,0
8,8,9,1,32,0
7,-4,11,1,32,0
6,6,17,1,32,0
6,-1,22,1,32,0
7,7,31,1,32,0
9,-1,3,1,32,0
-6,4,7,1,32,0
-4,-7,9,1,32,0
3,-3,16,1,32,0
7,8,24,1,32,0
5,6,25,1,32,0
-4,-8,3,1,32,0
-5,4,13,1,32,0
4,6,31,1,32,0
6,-4,17,1,32,0
-3,-6,18,1,32,0
-4,4,19,1,32,0
5,-1,28,1,32,0
2,-3,9,1,32,0
8,-1,9,1,32,0
-3,4,26,1,32,0
-4,5,27,1,32,0
5,-2,32,1,32,0
6,-5,31,1,32,0
5,-3,28,1,32,0
-4,6,31,1,32,0
-2,4,31,1,32,0
-4,7,17,1,32,0
5,-4,22,1,32,0
-2,-6,26,1,32,0
7,3,31,1,32,0
4,-1,31,1,32,0
1,-3,3,1,32,0
8,-4,5,1,32,0
-4,8,9,1,32,0
7,-1,16,1,32,0
-3,7,19,1,32,0
5,-5,23,1,32,0
6,3,27,1,32,0
-4,9,2,1,33,0
8,6,4,1,33,0
4,-3,25,1,33,0
5,3,19,1,33,0
-2,7,25,1,33,0
8,7,12,1,33,0
4,3,14,1,33,0
-1,7,32,1,33,0
7,6,32,1,33,0
-1,-6,32,1,33,0
3,3,8,1,33,0
8,8,9,1,33,0
7,-4,11,1,33,0
6,6,17,1,33,0
6,-1,22,1,33,0
7,7,31,1,33,0
9,-1,3,1,33,0
-6,4,7,1,33,0
-4,-7,9,1,33,0
3,-3,16,1,33,0
7,8,24,1,33,0
5,6,25,1,33,0
-4,-8,3,1,33,0
-5,4,13,1,33,0
4,6,32,1,33,0
6,-4,17,1,33,0
-3,-6,18,1,33,0
-4,4,19,1,33,0
5,-1,28,1,33,0
2,-3,9,1,33,0
8,-1,9,1,33,0
-3,4,26,1,33,0
5,-2,33,1,33,0
-4,5,32,1,33,0
6,-5,32,1,33,0
5,-3,28,1,33,0
-4,6,31,1,33,0
-2,4,32,1,33,0
-4,7,17,1,33,0
5,-4,22,1,33,0
-2,-6,26,1,33,0
7,3,32,1,33,0
4,-1,32,1,33,0
1,-3,3,1,33,0
8,-4,5,1,33,0
-4,8,9,1,33,0
7,-1,16,1,33,0
-3,7,19,1,33,0
5,-5,23,1,33,0
6,3,27,1,33,0
-4,9,2,1,34,0
8,6,4,1,34,0
4,-3,25,1,34,0
5,3,19,1,34,0
-2,7,25,1,34,0
8,7,12,1,34,0
4,3,14,1,34,0
-1,7,32,1,34,0
-1,-6,32,1,34,0
7,6,33,1,34,0
3,3,8,1,34,0
8,8,9,1,34,0
7,-4,11,1,34,0
6,6,17,1,34,0
6,-1,22,1,34,0
7,7,31,1,34,0
9,-1,3,1,34,0
-6,4,7,1,34,0
-4,-7,9,1,34,0
3,-3,16,1,34,0
7,8,24,1,34,0
5,6,25,1,34,0
-4,-8,3,1,34,0
-5,4,13,1,34,0
4,6,32,1,34,0
6,-4,17,1,34,0
-3,-6,18,1,34,0
-4,4,19,1,34,0
5,-1,28,1,34,0
3,6,33,1,34,0
0,-6,33,1,34,0
2,-3,9,1,34,0
8,-1,9,1,34,0
-3,4,26,1,34,0
5,-2,34,1,34,0
6,-5,32,1,34,0
-4,5,33,1,34,0
5,-3,28,1,34,0
-4,6,31,1,34,0
-2,4,32,1,34,0
6,-6,33,1,34,0
-4,7,17,1,34,0
5,-4,22,1,34,0
-2,-6,26,1,34,0
7,3,33,1,34,0
4,-1,33,1,34,0
1,-3,3,1,34,0
8,-4,5,1,34,0
-4,8,9,1,34,0
7,-1,16,1,34,0
-3,7,19,1,34,0
5,-5,23,1,34,0
6,3,27,1,34,0
0,7,33,1,34,0
-4,9,2,1,35,0
8,6,4,1,35,0
4,-3,25,1,35,0
5,3,19,1,35,0
-2,7,25,1,35,0
8,7,12,1,35,0
4,3,14,1,35,0
-1,7,32,1,35,0
-1,-6,32,1,35,0
7,6,34,1,35,0
3,3,8,1,35,0
8,8,9,1,35,0
7,-4,11,1,35,0
6,6,17,1,35,0
6,-1,22,1,35,0
7,7,31,1,35,0
9,-1,3,1,35,0
-6,4,7,1,35,0
-4,-7,9,1,35,0
3,-3,16,1,35,0
7,8,24,1,35,0
5,6,25,1,35,0
-4,-8,3,1,35,0
-5,4,13,1,35,0
4,6,32,1,35,0
7,-6,34,1,35,0
6,-3,35,1,35,0
6,-4,17,1,35,0
-3,-6,18,1,35,0
-4,4,19,1,35,0
5,-1,28,1,35,0
3,6,34,1,35,0
0,-6,34,1,35,0
2,-3,9,1,35,0
8,-1,9,1,35,0
-3,4,26,1,35,0
5,-2,34,1,35,0
6,-5,32,1,35,0
-4,5,34,1,35,0
5,-3,28,1,35,0
-4,6,31,1,35,0
-2,4,32,1,35,0
6,-6,33,1,35,0
8,3,34,1,35,0
-4,7,17,1,35,0
5,-4,22,1,35,0
-2,-6,26,1,35,0
7,3,33,1,35,0
-1,4,33,1,35,0
4,-1,34,1,35,0
1,-3,3,1,35,0
8,-4,5,1,35,0
-4,8,9,1,35,0
7,-1,16,1,35,0
-3,7,19,1,35,0
5,-5,23,1,35,0
6,3,27,1,35,0
0,7,34,1,35,0
-4,9,2,1,36,0
8,6,4,1,36,0
4,-3,25,1,36,0
5,3,19,1,36,0
-2,7,25,1,36,0
8,7,12,1,36,0
4,3,14,1,36,0
-1,7,32,1,36,0
-1,-6,32,1,36,0
7,6,35,1,36,0
3,3,8,1,36,0
8,8,9,1,36,0
7,-4,11,1,36,0
6,6,17,1,36,0
6,-1,22,1,36,0
7,7,31,1,36,0
9,-1,3,1,36,0
-6,4,7,1,36,0
-4,-7,9,1,36,0
3,-3,16,1,36,0
7,8,24,1,36,0
5,6,25,1,36,0
-4,-8,3,1,36,0
-5,4,13,1,36,0
4,6,32,1,36,0
6,-3,36,1,36,0
7,-6,35,1,36,0
6,-4,17,1,36,0
-3,-6,18,1,36,0
-4,4,19,1,36,0
5,-1,28,1,36,0
3,6,35,1,36,0
0,-6,35,1,36,0
2,-3,9,1,36,0
8,-1,9,1,36,0
-3,4,26,1,36,0
5,-2,34,1,36,0
6,-5,32,1,36,0
-4,5,35,1,36,0
5,-3,28,1,36,0
-4,6,31,1,36,0
-2,4,32,1,36,0
6,-6,33,1,36,0
8,3,35,1,36,0
-4,7,17,1,36,0
5,-4,22,1,36,0
-2,-6,26,1,36,0
7,3,33,1,36,0
-1,4,35,1,36,0
4,-1,35,1,36,0
1,-3,3,1,36,0
8,-4,5,1,36,0
-4,8,9,1,36,0
7,-1,16,1,36,0
-3,7,19,1,36,0
5,-5,23,1,36,0
6,3,27,1,36,0
0,7,35,1,36,0
-4,9,2,1,37,0
8,6,4,1,37,0
4,-3,25,1,37,0
5,3,19,1,37,0
-2,7,25,1,37,0
8,7,12,1,37,0
4,3,14,1,37,0
-1,7,32,1,37,0
-1,-6,32,1,37,0
7,6,36,1,37,0
3,3,8,1,37,0
8,8,9,1,37,0
7,-4,11,1,37,0
6,6,17,1,37,0
6,-1,22,1,37,0
7,7,31,1,37,0
9,-1,3,1,37,0
-6,4,7,1,37,0
-4,-7,9,1,37,0
3,-3,16,1,37,0
7,8,24,1,37,0
5,6,25,1,37,0
-4,-8,3,1,37,0
-5,4,13,1,37,0
4,6,32,1,37,0
6,-3,37,1,37,0
7,-6,36,1,37,0
6,-4,17,1,37,0
-3,-6,18,1,37,0
-4,4,19,1,37,0
5,-1,28,1,37,0
3,6,36,1,37,0
0,-6,36,1,37,0
2,-3,9,1,37,0
8,-1,9,1,37,0
-3,4,26,1,37,0
5,-2,34,1,37,0
6,-5,32,1,37,0
-4,5,35,1,37,0
5,-3,28,1,37,0
-4,6,31,1,37,0
-2,4,32,1,37,0
6,-6,33,1,37,0
8,3,36,1,37,0
-4,7,17,1,37,0
5,-4,22,1,37,0
-2,-6,26,1,37,0
7,3,33,1,37,0
-1,4,36,1,37,0
4,-1,36,1,37,0
1,-3,3,1,37,0
8,-4,5,1,37,0
-4,8,9,1,37,0
7,-1,16,1,37,0
-3,7,19,1,37,0
5,-5,23,1,37,0
6,3,27,1,37,0
0,7,36,1,37,0
-4,9,2,1,38,0
8,6,4,1,38,0
4,-3,25,1,38,0
5,3,19,1,38,0
-2,7,25,1,38,0
8,7,12,1,38,0
4,3,14,1,38,0
-1,7,32,1,38,0
-1,-6,32,1,38,0
7,6,37,1,38,0
3,-1,37,1,38,0
3,3,8,1,38,0
8,8,9,1,38,0
7,-4,11,1,38,0
6,6,17,1,38,0
6,-1,22,1,38,0
7,7,31,1,38,0
9,-1,3,1,38,0
-6,4,7,1,38,0
-4,-7,9,1,38,0
3,-3,16,1,38,0
7,8,24,1,38,0
5,6,25,1,38,0
-4,-8,3,1,38,0
-5,4,13,1,38,0
4,6,32,1,38,0
6,-3,38,1,38,0
7,-6,37,1,38,0
6,-4,17,1,38,0
-3,-6,18,1,38,0
-4,4,19,1,38,0
5,-1,28,1,38,0
3,6,37,1,38,0
0,-6,37,1,38,0
2,-3,9,1,38,0
8,-1,9,1,38,0
-3,4,26,1,38,0
5,-2,34,1,38,0
6,-5,32,1,38,0
-4,5,36,1,38,0
5,-3,28,1,38,0
-4,6,31,1,38,0
-2,4,32,1,38,0
6,-6,33,1,38,0
8,3,37,1,38,0
-4,7,17,1,38,0
5,-4,22,1,38,0
-2,-6,26,1,38,0
7,3,33,1,38,0
4,-1,36,1,38,0
-1,4,37,1,38,0
1,-3,3,1,38,0
8,-4,5,1,38,0
-4,8,9,1,38,0
7,-1,16,1,38,0
-3,7,19,1,38,0
5,-5,23,1,38,0
6,3,27,1,38,0
0,7,37,1,38,0
-4,9,2,1,39,0
8,6,4,1,39,0
4,-3,25,1,39,0
5,3,19,1,39,0
-2,7,25,1,39,0
8,7,12,1,39,0
4,3,14,1,39,0
-1,7,32,1,39,0
-1,-6,32,1,39,0
3,-1,37,1,39,0
7,6,38,1,39,0
3,3,8,1,39,0
8,8,9,1,39,0
7,-4,11,1,39,0
6,6,17,1,39,0
6,-1,22,1,39,0
7,7,31,1,39,0
9,-1,3,1,39,0
-6,4,7,1,39,0
-4,-7,9,1,39,0
3,-3,16,1,39,0
7,8,24,1,39,0
5,6,25,1,39,0
-4,-8,3,1,39,0
-5,4,13,1,39,0
4,6,32,1,39,0
6,-3,39,1,39,0
7,-6,38,1,39,0
6,-4,17,1,39,0
-3,-6,18,1,39,0
-4,4,19,1,39,0
5,-1,28,1,39,0
3,6,38,1,39,0
0,-6,38,1,39,0
2,-3,9,1,39,0
8,-1,9,1,39,0
-3,4,26,1,39,0
5,-2,34,1,39,0
6,-5,32,1,39,0
-4,5,36,1,39,0
5,-3,28,1,39,0
-2,4,32,1,39,0
6,-6,33,1,39,0
8,3,37,1,39,0
-4,6,38,1,39,0
-4,7,17,1,39,0
5,-4,22,1,39,0
-2,-6,26,1,39,0
4,-1,36,1,39,0
7,3,38,1,39,0
-1,4,38,1,39,0
1,-3,3,1,39,0
8,-4,5,1,39,0
-4,8,9,1,39,0
7,-1,16,1,39,0
-3,7,19,1,39,0
5,-5,23,1,39,0
6,3,27,1,39,0
0,7,38,1,39,0
3,0,38,1,39,0
-4,9,2,1,40,0
8,6,4,1,40,0
4,-3,25,1,40,0
5,3,19,1,40,0
-2,7,25,1,40,0
7,5,39,1,40,0
8,7,12,1,40,0
4,3,14,1,40,0
-1,7,32,1,40,0
-1,-6,32,1,40,0
3,-1,37,1,40,0
7,6,38,1,40,0
3,3,8,1,40,0
8,8,9,1,40,0
7,-4,11,1,40,0
6,6,17,1,40,0
6,-1,22,1,40,0
7,7,31,1,40,0
9,-1,3,1,40,0
-6,4,7,1,40,0
-4,-7,9,1,40,0
3,-3,16,1,40,0
7,8,24,1,40,0
5,6,25,1,40,0
-4,-8,3,1,40,0
-5,4,13,1,40,0
4,6,32,1,40,0
6,-3,39,1,40,0
7,-6,39,1,40,0
6,-4,17,1,40,0
-3,-6,18,1,40,0
-4,4,19,1,40,0
5,-1,28,1,40,0
3,6,38,1,40,0
0,-6,39,1,40,0
2,-3,9,1,40,0
8,-1,9,1,40,0
-3,4,26,1,40,0
5,-2,34,1,40,0
6,-5,32,1,40,0
-4,5,36,1,40,0
2,6,39,1,40,0
5,-3,28,1,40,0
-2,4,32,1,40,0
6,-6,33,1,40,0
8,3,37,1,40,0
-4,6,39,1,40,0
-4,7,17,1,40,0
5,-4,22,1,40,0
-2,-6,26,1,40,0
4,-1,36,1,40,0
1,7,39,1,40,0
7,3,39,1,40,0
-1,4,39,1,40,0
1,-3,3,1,40,0
8,-4,5,1,40,0
-4,8,9,1,40,0
7,-1,16,1,40,0
-3,7,19,1,40,0
5,-5,23,1,40,0
6,3,27,1,40,0
0,7,38,1,40,0
3,0,39,1,40,0
-4,9,2,1,41,0
8,6,4,1,41,0
4,-3,25,1,41,0
5,3,19,1,41,0
-2,7,25,1,41,0
7,5,39,1,41,0
7,-2,41,1,41,0
8,7,12,1,41,0
4,3,14,1,41,0
-1,7,32,1,41,0
-1,-6,32,1,41,0
3,-1,37,1,41,0
7,6,38,1,41,0
3,3,8,1,41,0
8,8,9,1,41,0
7,-4,11,1,41,0
6,6,17,1,41,0
6,-1,22,1,41,0
7,7,31,1,41,0
9,-1,3,1,41,0
-6,4,7,1,41,0
-4,-7,9,1,41,0
3,-3,16,1,41,0
7,8,24,1,41,0
5,6,25,1,41,0
-4,-8,3,1,41,0
-5,4,13,1,41,0
4,6,32,1,41,0
6,-3,39,1,41,0
7,-6,39,1,41,0
6,-4,17,1,41,0
-3,-6,18,1,41,0
-4,4,19,1,41,0
5,-1,28,1,41,0
3,6,38,1,41,0
0,-6,39,1,41,0
2,-3,9,1,41,0
8,-1,9,1,41,0
-3,4,26,1,41,0
5,-2,34,1,41,0
6,-5,32,1,41,0
-4,5,36,1,41,0
2,6,39,1,41,0
5,-3,28,1,41,0
-2,4,32,1,41,0
6,-6,33,1,41,0
8,3,37,1,41,0
-4,6,39,1,41,0
-4,7,17,1,41,0
5,-4,22,1,41,0
-2,-6,26,1,41,0
4,-1,36,1,41,0
1,7,39,1,41,0
7,3,39,1,41,0
-1,4,39,1,41,0
1,-3,3,1,41,0
8,-4,5,1,41,0
-4,8,9,1,41,0
7,-1,16,1,41,0
-3,7,19,1,41,0
5,-5,23,1,41,0
6,3,27,1,41,0
0,7,38,1,41,0
3,0,39,1,41,0
-4,9,2,1,42,0
8,6,4,1,42,0
4,-3,25,1,42,0
5,3,19,1,42,0
-2,7,25,1,42,0
7,-2,42,1,42,0
7,5,41,1,42,0
8,7,12,1,42,0
4,3,14,1,42,0
-1,7,32,1,42,0
-1,-6,32,1,42,0
3,-1,37,1,42,0
7,6,38,1,42,0
8,-6,41,1,42,0
3,3,8,1,42,0
8,8,9,1,42,0
7,-4,11,1,42,0
6,6,17,1,42,0
6,-1,22,1,42,0
7,7,31,1,42,0
1,-6,41,1,42,0
9,-1,3,1,42,0
-6,4,7,1,42,0
-4,-7,9,1,42,0
3,-3,16,1,42,0
7,8,24,1,42,0
5,6,25,1,42,0
-4,-8,3,1,42,0
-5,4,13,1,42,0
4,6,32,1,42,0
6,-3,39,1,42,0
7,-6,39,1,42,0
6,-4,17,1,42,0
-3,-6,18,1,42,0
-4,4,19,1,42,0
5,-1,28,1,42,0
3,6,38,1,42,0
0,-6,39,1,42,0
2,-3,9,1,42,0
8,-1,9,1,42,0
-3,4,26,1,42,0
5,-2,34,1,42,0
6,-5,32,1,42,0
-4,5,36,1,42,0
2,6,41,1,42,0
0,4,41,1,42,0
5,-3,28,1,42,0
-2,4,32,1,42,0
6,-6,33,1,42,0
8,3,37,1,42,0
-4,6,39,1,42,0
-4,7,17,1,42,0
5,-4,22,1,42,0
-2,-6,26,1,42,0
4,-1,36,1,42,0
-1,4,39,1,42,0
1,7,41,1,42,0
7,3,41,1,42,0
1,-3,3,1,42,0
8,-4,5,1,42,0
-4,8,9,1,42,0
7,-1,16,1,42,0
-3,7,19,1,42,0
5,-5,23,1,42,0
6,3,27,1,42,0
0,7,38,1,42,0
3,0,41,1,42,0
-4,9,2,1,43,0
8,6,4,1,43,0
4,-3,25,1,43,0
5,3,19,1,43,0
-2,7,25,1,43,0
7,-2,43,1,43,0
7,5,42,1,43,0
8,7,12,1,43,0
4,3,14,1,43,0
-1,7,32,1,43,0
-1,-6,32,1,43,0
3,-1,37,1,43,0
7,6,38,1,43,0
8,-6,42,1,43,0
3,3,8,1,43,0
8,8,9,1,43,0
7,-4,11,1,43,0
6,6,17,1,43,0
6,-1,22,1,43,0
7,7,31,1,43,0
1,-6,42,1,43,0
9,-1,3,1,43,0
-6,4,7,1,43,0
-4,-7,9,1,43,0
3,-3,16,1,43,0
7,8,24,1,43,0
5,6,25,1,43,0
-4,-8,3,1,43,0
-5,4,13,1,43,0
4,6,32,1,43,0
6,-3,39,1,43,0
7,-6,39,1,43,0
6,-4,17,1,43,0
-3,-6,18,1,43,0
-4,4,19,1,43,0
5,-1,28,1,43,0
3,6,38,1,43,0
0,-6,39,1,43,0
2,-3,9,1,43,0
8,-1,9,1,43,0
-3,4,26,1,43,0
5,-2,34,1,43,0
6,-5,32,1,43,0
-4,5,36,1,43,0
-5,6,42,1,43,0
2,6,42,1,43,0
0,4,42,1,43,0
5,-3,28,1,43,0
-2,4,32,1,43,0
6,-6,33,1,43,0
8,3,37,1,43,0
-4,6,39,1,43,0
-4,7,17,1,43,0
5,-4,22,1,43,0
-2,-6,26,1,43,0
4,-1,36,1,43,0
-1,4,39,1,43,0
1,7,42,1,43,0
7,3,42,1,43,0
1,-3,3,1,43,0
8,-4,5,1,43,0
-4,8,9,1,43,0
7,-1,16,1,43,0
-3,7,19,1,43,0
5,-5,23,1,43,0
6,3,27,1,43,0
0,7,38,1,43,0
3,0,42,1,43,0
-4,9,2,1,44,0
8,6,4,1,44,0
4,-3,25,1,44,0
5,3,19,1,44,0
-2,7,25,1,44,0
7,-2,43,1,44,0
7,5,43,1,44,0
8,7,12,1,44,0
4,3,14,1,44,0
-1,7,32,1,44,0
-1,-6,32,1,44,0
3,-1,37,1,44,0
7,6,38,1,44,0
8,-6,43,1,44,0
7,-3,44,1,44,0
3,3,8,1,44,0
8,8,9,1,44,0
7,-4,11,1,44,0
6,6,17,1,44,0
6,-1,22,1,44,0
7,7,31,1,44,0
1,-6,43,1,44,0
9,-1,3,1,44,0
-6,4,7,1,44,0
-4,-7,9,1,44,0
3,-3,16,1,44,0
7,8,24,1,44,0
5,6,25,1,44,0
-4,-8,3,1,44,0
-5,4,13,1,44,0
4,6,32,1,44,0
6,-3,39,1,44,0
7,-6,39,1,44,0
6,-4,17,1,44,0
-3,-6,18,1,44,0
-4,4,19,1,44,0
5,-1,28,1,44,0
3,6,38,1,44,0
0,-6,39,1,44,0
2,-3,9,1,44,0
8,-1,9,1,44,0
-3,4,26,1,44,0
5,-2,34,1,44,0
6,-5,32,1,44,0
-4,5,36,1,44,0
-5,6,43,1,44,0
2,6,43,1,44,0
0,4,43,1,44,0
5,-3,28,1,44,0
-2,4,32,1,44,0
6,-6,33,1,44,0
8,3,37,1,44,0
-4,6,39,1,44,0
-4,7,17,1,44,0
5,-4,22,1,44,0
-2,-6,26,1,44,0
4,-1,36,1,44,0
-1,4,39,1,44,0
1,7,43,1,44,0
7,3,43,1,44,0
4,0,43,1,44,0
1,-3,3,1,44,0
8,-4,5,1,44,0
-4,8,9,1,44,0
7,-1,16,1,44,0
-3,7,19,1,44,0
5,-5,23,1,44,0
6,3,27,1,44,0
0,7,38,1,44,0
3,0,42,1,44,0
-4,9,2,1,45,0
8,6,4,1,45,0
4,-3,25,1,45,0
5,3,19,1,45,0
-2,7,25,1,45,0
7,-2,43,1,45,0
7,5,43,1,45,0
8,7,12,1,45,0
4,3,14,1,45,0
-1,7,32,1,45,0
-1,-6,32,1,45,0
3,-1,37,1,45,0
7,6,38,1,45,0
8,-6,43,1,45,0
7,-3,45,1,45,0
3,3,8,1,45,0
8,8,9,1,45,0
7,-4,11,1,45,0
6,6,17,1,45,0
6,-1,22,1,45,0
7,7,31,1,45,0
1,-6,44,1,45,0
9,-1,3,1,45,0
-6,4,7,1,45,0
-4,-7,9,1,45,0
3,-3,16,1,45,0
7,8,24,1,45,0
5,6,25,1,45,0
-4,-8,3,1,45,0
-5,4,13,1,45,0
4,6,32,1,45,0
6,-3,39,1,45,0
7,-6,44,1,45,0
6,-4,17,1,45,0
-3,-6,18,1,45,0
-4,4,19,1,45,0
5,-1,28,1,45,0
3,6,38,1,45,0
0,-6,39,1,45,0
2,-3,9,1,45,0
8,-1,9,1,45,0
-3,4,26,1,45,0
5,-2,34,1,45,0
6,-5,32,1,45,0
-4,5,36,1,45,0
-5,6,44,1,45,0
2,6,44,1,45,0
0,4,44,1,45,0
5,-3,28,1,45,0
-2,4,32,1,45,0
6,-6,33,1,45,0
8,3,37,1,45,0
-4,6,39,1,45,0
-4,7,17,1,45,0
5,-4,22,1,45,0
-2,-6,26,1,45,0
4,-1,36,1,45,0
-1,4,39,1,45,0
7,3,43,1,45,0
1,7,44,1,45,0
4,0,44,1,45,0
1,-3,3,1,45,0
8,-4,5,1,45,0
-4,8,9,1,45,0
7,-1,16,1,45,0
-3,7,19,1,45,0
5,-5,23,1,45,0
0,7,38,1,45,0
3,0,42,1,45,0
8,5,44,1,45,0
6,3,44,1,45,0
-4,9,2,1,46,0
8,6,4,1,46,0
4,-3,25,1,46,0
5,3,19,1,46,0
-2,7,25,1,46,0
7,-2,43,1,46,0
7,5,43,1,46,0
8,7,12,1,46,0
4,3,14,1,46,0
-1,7,32,1,46,0
-1,-6,32,1,46,0
3,-1,37,1,46,0
7,6,38,1,46,0
8,-6,43,1,46,0
7,-3,46,1,46,0
3,3,8,1,46,0
8,8,9,1,46,0
7,-4,11,1,46,0
6,6,17,1,46,0
6,-1,22,1,46,0
7,7,31,1,46,0
1,-6,45,1,46,0
9,-1,3,1,46,0
-6,4,7,1,46,0
-4,-7,9,1,46,0
3,-3,16,1,46,0
7,8,24,1,46,0
5,6,25,1,46,0
-4,-8,3,1,46,0
-5,4,13,1,46,0
4,6,32,1,46,0
6,-3,39,1,46,0
7,-6,45,1,46,0
6,-4,17,1,46,0
-3,-6,18,1,46,0
-4,4,19,1,46,0
5,-1,28,1,46,0
3,6,38,1,46,0
0,-6,39,1,46,0
2,5,45,1,46,0
2,-3,9,1,46,0
8,-1,9,1,46,0
-3,4,26,1,46,0
5,-2,34,1,46,0
6,-5,32,1,46,0
-4,5,36,1,46,0
2,6,44,1,46,0
-5,6,45,1,46,0
0,4,45,1,46,0
5,-3,28,1,46,0
-2,4,32,1,46,0
6,-6,33,1,46,0
8,3,37,1,46,0
-4,6,39,1,46,0
-4,7,17,1,46,0
5,-4,22,1,46,0
-2,-6,26,1,46,0
4,-1,36,1,46,0
-1,4,39,1,46,0
7,3,43,1,46,0
1,7,45,1,46,0
4,0,45,1,46,0
1,-3,3,1,46,0
8,-4,5,1,46,0
-4,8,9,1,46,0
7,-1,16,1,46,0
-3,7,19,1,46,0
5,-5,23,1,46,0
0,7,38,1,46,0
3,0,42,1,46,0
8,5,45,1,46,0
6,3,45,1,46,0
-4,9,2,1,47,0
8,6,4,1,47,0
4,-3,25,1,47,0
5,3,19,1,47,0
-2,7,25,1,47,0
7,-2,43,1,47,0
7,5,43,1,47,0
8,7,12,1,47,0
4,3,14,1,47,0
-1,7,32,1,47,0
-1,-6,32,1,47,0
3,-1,37,1,47,0
7,6,38,1,47,0
8,-6,43,1,47,0
7,-3,47,1,47,0
3,3,8,1,47,0
8,8,9,1,47,0
7,-4,11,1,47,0
6,6,17,1,47,0
6,-1,22,1,47,0
7,7,31,1,47,0
1,-6,45,1,47,0
9,-1,3,1,47,0
-6,4,7,1,47,0
-4,-7,9,1,47,0
3,-3,16,1,47,0
7,8,24,1,47,0
5,6,25,1,47,0
-4,-8,3,1,47,0
-5,4,13,1,47,0
4,6,32,1,47,0
6,-3,39,1,47,0
7,-6,46,1,47,0
6,-4,17,1,47,0
-3,-6,18,1,47,0
-4,4,19,1,47,0
5,-1,28,1,47,0
3,6,38,1,47,0
0,-6,39,1,47,0
2,5,46,1,47,0
1,4,46,1,47,0
2,-3,9,1,47,0
8,-1,9,1,47,0
-3,4,26,1,47,0
5,-2,34,1,47,0
6,-5,32,1,47,0
-4,5,36,1,47,0
2,6,44,1,47,0
0,4,45,1,47,0
-5,6,46,1,47,0
5,-3,28,1,47,0
-2,4,32,1,47,0
6,-6,33,1,47,0
8,3,37,1,47,0
-4,6,39,1,47,0
-4,7,17,1,47,0
5,-4,22,1,47,0
-2,-6,26,1,47,0
4,-1,36,1,47,0
-1,4,39,1,47,0
7,3,43,1,47,0
1,7,46,1,47,0
4,0,46,1,47,0
1,-3,3,1,47,0
8,-4,5,1,47,0
-4,8,9,1,47,0
7,-1,16,1,47,0
-3,7,19,1,47,0
5,-5,23,1,47,0
0,7,38,1,47,0
3,0,42,1,47,0
8,5,46,1,47,0
6,3,46,1,47,0
2,-6,46,1,47,0
-4,9,2,1,48,0
8,6,4,1,48,0
4,-3,25,1,48,0
5,3,19,1,48,0
-2,7,25,1,48,0
7,-2,43,1,48,0
7,5,43,1,48,0
8,7,12,1,48,0
4,3,14,1,48,0
-1,7,32,1,48,0
-1,-6,32,1,48,0
3,-1,37,1,48,0
7,6,38,1,48,0
7,-3,47,1,48,0
8,-6,47,1,48,0
3,3,8,1,48,0
8,8,9,1,48,0
7,-4,11,1,48,0
6,6,17,1,48,0
6,-1,22,1,48,0
7,7,31,1,48,0
1,-6,45,1,48,0
9,-1,3,1,48,0
-6,4,7,1,48,0
-4,-7,9,1,48,0
3,-3,16,1,48,0
7,8,24,1,48,0
5,6,25,1,48,0
-4,-8,3,1,48,0
-5,4,13,1,48,0
4,6,32,1,48,0
6,-3,39,1,48,0
7,-6,46,1,48,0
6,-4,17,1,48,0
-3,-6,18,1,48,0
-4,4,19,1,48,0
5,-1,28,1,48,0
3,6,38,1,48,0
0,-6,39,1,48,0
-6,6,47,1,48,0
2,5,47,1,48,0
1,4,47,1,48,0
2,-3,9,1,48,0
8,-1,9,1,48,0
-3,4,26,1,48,0
5,-2,34,1,48,0
6,-5,32,1,48,0
-4,5,36,1,48,0
2,6,44,1,48,0
0,4,45,1,48,0
-5,6,46,1,48,0
5,-3,28,1,48,0
-2,4,32,1,48,0
6,-6,33,1,48,0
8,3,37,1,48,0
-4,6,39,1,48,0
2,7,47,1,48,0
-4,7,17,1,48,0
5,-4,22,1,48,0
-2,-6,26,1,48,0
4,-1,36,1,48,0
-1,4,39,1,48,0
7,3,43,1,48,0
1,7,46,1,48,0
8,4,47,1,48,0
4,0,47,1,48,0
8,-3,48,1,48,0
1,-3,3,1,48,0
8,-4,5,1,48,0
-4,8,9,1,48,0
7,-1,16,1,48,0
-3,7,19,1,48,0
5,-5,23,1,48,0
0,7,38,1,48,0
3,0,42,1,48,0
8,5,46,1,48,0
6,3,47,1,48,0
2,-6,47,1,48,0
-4,9,2,1,49,0
8,6,4,1,49,0
4,-3,25,1,49,0
5,3,19,1,49,0
-2,7,25,1,49,0
7,-2,43,1,49,0
7,5,43,1,49,0
8,7,12,1,49,0
4,3,14,1,49,0
-1,7,32,1,49,0
-1,-6,32,1,49,0
3,-1,37,1,49,0
7,6,38,1,49,0
7,-3,47,1,49,0
8,-6,48,1,49,0
3,3,8,1,49,0
8,8,9,1,49,0
7,-4,11,1,49,0
6,6,17,1,49,0
6,-1,22,1,49,0
7,7,31,1,49,0
1,-6,45,1,49,0
9,-1,3,1,49,0
-6,4,7,1,49,0
-4,-7,9,1,49,0
3,-3,16,1,49,0
7,8,24,1,49,0
5,6,25,1,49,0
-4,-8,3,1,49,0
-5,4,13,1,49,0
4,6,32,1,49,0
6,-3,39,1,49,0
7,-6,46,1,49,0
6,-4,17,1,49,0
-3,-6,18,1,49,0
-4,4,19,1,49,0
5,-1,28,1,49,0
3,6,38,1,49,0
0,-6,39,1,49,0
-6,6,47,1,49,0
2,5,48,1,49,0
1,4,48,1,49,0
2,-3,9,1,49,0
8,-1,9,1,49,0
-3,4,26,1,49,0
5,-2,34,1,49,0
6,-5,32,1,49,0
-4,5,36,1,49,0
2,6,44,1,49,0
0,4,45,1,49,0
-5,6,46,1,49,0
-6,7,48,1,49,0
5,-3,28,1,49,0
-2,4,32,1,49,0
6,-6,33,1,49,0
8,3,37,1,49,0
-4,6,39,1,49,0
2,7,48,1,49,0
-4,7,17,1,49,0
5,-4,22,1,49,0
-2,-6,26,1,49,0
4,-1,36,1,49,0
-1,4,39,1,49,0
7,3,43,1,49,0
1,7,46,1,49,0
4,0,47,1,49,0
8,-3,49,1,49,0
8,4,48,1,49,0
1,-3,3,1,49,0
8,-4,5,1,49,0
-4,8,9,1,49,0
7,-1,16,1,49,0
-3,7,19,1,49,0
5,-5,23,1,49,0
0,7,38,1,49,0
3,0,42,1,49,0
8,5,46,1,49,0
6,3,48,1,49,0
2,-6,48,1,49,0
4,1,48,1,49,0
-4,9,2,1,50,0
8,6,4,1,50,0
4,-3,25,1,50,0
5,3,19,1,50,0
-2,7,25,1,50,0
7,-2,43,1,50,0
7,5,43,1,50,0
8,7,12,1,50,0
4,3,14,1,50,0
-1,7,32,1,50,0
-1,-6,32,1,50,0
3,-1,37,1,50,0
7,6,38,1,50,0
7,-3,47,1,50,0
8,-6,49,1,50,0
3,3,8,1,50,0
8,8,9,1,50,0
7,-4,11,1,50,0
6,6,17,1,50,0
6,-1,22,1,50,0
7,7,31,1,50,0
1,-6,45,1,50,0
9,-1,3,1,50,0
-6,4,7,1,50,0
-4,-7,9,1,50,0
3,-3,16,1,50,0
7,8,24,1,50,0
5,6,25,1,50,0
-4,-8,3,1,50,0
-5,4,13,1,50,0
4,6,32,1,50,0
6,-3,39,1,50,0
7,-6,46,1,50,0
1,3,49,1,50,0
6,-4,17,1,50,0
-3,-6,18,1,50,0
-4,4,19,1,50,0
5,-1,28,1,50,0
3,6,38,1,50,0
0,-6,39,1,50,0
-6,6,47,1,50,0
1,4,48,1,50,0
2,5,49,1,50,0
2,-3,9,1,50,0
8,-1,9,1,50,0
-3,4,26,1,50,0
5,-2,34,1,50,0
6,-5,32,1,50,0
-4,5,36,1,50,0
2,6,44,1,50,0
0,4,45,1,50,0
-5,6,46,1,50,0
-6,7,49,1,50,0
5,-3,28,1,50,0
-2,4,32,1,50,0
6,-6,33,1,50,0
8,3,37,1,50,0
-4,6,39,1,50,0
2,7,49,1,50,0
-4,7,17,1,50,0
5,-4,22,1,50,0
-2,-6,26,1,50,0
4,-1,36,1,50,0
-1,4,39,1,50,0
7,3,43,1,50,0
1,7,46,1,50,0
4,0,47,1,50,0
8,-3,49,1,50,0
8,4,48,1,50,0
1,-3,3,1,50,0
8,-4,5,1,50,0
-4,8,9,1,50,0
7,-1,16,1,50,0
-3,7,19,1,50,0
5,-5,23,1,50,0
0,7,38,1,50,0
3,0,42,1,50,0
8,5,46,1,50,0
7,4,49,1,50,0
6,3,49,1,50,0
2,-6,49,1,50,0
4,1,49,1,50,0
-4,9,2,1,51,0
8,6,4,1,51,0
4,-3,25,1,51,0
5,3,19,1,51,0
-2,7,25,1,51,0
7,-2,43,1,51,0
7,5,43,1,51,0
8,7,12,1,51,0
4,3,14,1,51,0
-1,7,32,1,51,0
-1,-6,32,1,51,0
3,-1,37,1,51,0
7,6,38,1,51,0
7,-3,47,1,51,0
8,-6,49,1,51,0
3,3,8,1,51,0
8,8,9,1,51,0
7,-4,11,1,51,0
6,6,17,1,51,0
6,-1,22,1,51,0
7,7,31,1,51,0
1,-6,45,1,51,0
9,-1,3,1,51,0
-6,4,7,1,51,0
-4,-7,9,1,51,0
3,-3,16,1,51,0
7,8,24,1,51,0
5,6,25,1,51,0
-4,-8,3,1,51,0
-5,4,13,1,51,0
4,6,32,1,51,0
6,-3,39,1,51,0
7,-6,46,1,51,0
1,3,49,1,51,0
6,-4,17,1,51,0
-3,-6,18,1,51,0
-4,4,19,1,51,0
5,-1,28,1,51,0
3,6,38,1,51,0
0,-6,39,1,51,0
-6,6,47,1,51,0
1,4,48,1,51,0
2,5,49,1,51,0
2,-3,9,1,51,0
8,-1,9,1,51,0
-3,4,26,1,51,0
5,-2,34,1,51,0
6,-5,32,1,51,0
-4,5,36,1,51,0
2,6,44,1,51,0
0,4,45,1,51,0
-5,6,46,1,51,0
-6,7,49,1,51,0
5,-3,28,1,51,0
-2,4,32,1,51,0
6,-6,33,1,51,0
8,3,37,1,51,0
-4,6,39,1,51,0
2,7,49,1,51,0
-4,7,17,1,51,0
5,-4,22,1,51,0
-2,-6,26,1,51,0
4,-1,36,1,51,0
-1,4,39,1,51,0
7,3,43,1,51,0
1,7,46,1,51,0
4,0,47,1,51,0
8,-3,51,1,51,0
8,4,48,1,51,0
1,-3,3,1,51,0
8,-4,5,1,51,0
-4,8,9,1,51,0
7,-1,16,1,51,0
-3,7,19,1,51,0
5,-5,23,1,51,0
0,7,38,1,51,0
3,0,42,1,51,0
8,5,46,1,51,0
7,4,49,1,51,0
6,3,49,1,51,0
2,-6,49,1,51,0
4,1,49,1,51,0
-4,9,2,1,52,0
8,6,4,1,52,0
4,-3,25,1,52,0
-2,7,25,1,52,0
7,-2,43,1,52,0
7,5,43,1,52,0
5,3,51,1,52,0
8,7,12,1,52,0
4,3,14,1,52,0
-1,7,32,1,52,0
-1,-6,32,1,52,0
3,-1,37,1,52,0
7,6,38,1,52,0
7,-3,52,1,52,0
8,-6,49,1,52,0
3,3,8,1,52,0
8,8,9,1,52,0
7,-4,11,1,52,0
6,6,17,1,52,0
6,-1,22,1,52,0
7,7,31,1,52,0
1,-6,45,1,52,0
9,-1,3,1,52,0
-6,4,7,1,52,0
-4,-7,9,1,52,0
3,-3,16,1,52,0
7,8,24,1,52,0
5,6,25,1,52,0
-4,-8,3,1,52,0
-5,4,13,1,52,0
4,6,32,1,52,0
6,-3,39,1,52,0
3,5,51,1,52,0
1,3,51,1,52,0
7,-6,51,1,52,0
6,-4,17,1,52,0
-3,-6,18,1,52,0
-4,4,19,1,52,0
5,-1,28,1,52,0
3,6,38,1,52,0
0,-6,39,1,52,0
-6,6,47,1,52,0
1,4,48,1,52,0
2,5,49,1,52,0
2,-3,9,1,52,0
8,-1,9,1,52,0
-3,4,26,1,52,0
5,-2,34,1,52,0
6,-5,32,1,52,0
-4,5,36,1,52,0
2,6,44,1,52,0
0,4,45,1,52,0
-5,6,46,1,52,0
-6,7,51,1,52,0
5,-3,28,1,52,0
-2,4,32,1,52,0
6,-6,33,1,52,0
8,3,37,1,52,0
-4,6,39,1,52,0
2,7,49,1,52,0
-4,7,17,1,52,0
5,-4,22,1,52,0
-2,-6,26,1,52,0
4,-1,36,1,52,0
-1,4,39,1,52,0
7,3,43,1,52,0
1,7,46,1,52,0
4,0,47,1,52,0
8,-3,51,1,52,0
8,4,48,1,52,0
2,8,51,1,52,0
1,-3,3,1,52,0
8,-4,5,1,52,0
-4,8,9,1,52,0
7,-1,16,1,52,0
-3,7,19,1,52,0
5,-5,23,1,52,0
0,7,38,1,52,0
3,0,42,1,52,0
8,5,46,1,52,0
6,3,49,1,52,0
7,4,51,1,52,0
2,-6,51,1,52,0
4,1,51,1,52,0
-4,9,2,1,53,0
8,6,4,1,53,0
4,-3,25,1,53,0
-2,7,25,1,53,0
7,-2,43,1,53,0
7,5,43,1,53,0
5,3,52,1,53,0
8,7,12,1,53,0
4,3,14,1,53,0
-1,7,32,1,53,0
-1,-6,32,1,53,0
3,-1,37,1,53,0
7,6,38,1,53,0
7,-3,53,1,53,0
8,-6,49,1,53,0
3,3,8,1,53,0
8,8,9,1,53,0
7,-4,11,1,53,0
6,6,17,1,53,0
6,-1,22,1,53,0
7,7,31,1,53,0
1,-6,45,1,53,0
9,-1,3,1,53,0
-6,4,7,1,53,0
-4,-7,9,1,53,0
3,-3,16,1,53,0
7,8,24,1,53,0
5,6,25,1,53,0
-4,-8,3,1,53,0
-5,4,13,1,53,0
4,6,32,1,53,0
6,-3,39,1,53,0
3,5,52,1,53,0
1,3,52,1,53,0
7,-6,52,1,53,0
6,-4,17,1,53,0
-3,-6,18,1,53,0
-4,4,19,1,53,0
5,-1,28,1,53,0
3,6,38,1,53,0
0,-6,39,1,53,0
-6,6,47,1,53,0
1,4,48,1,53,0
2,5,49,1,53,0
2,-3,9,1,53,0
8,-1,9,1,53,0
-3,4,26,1,53,0
5,-2,34,1,53,0
6,-5,32,1,53,0
-4,5,36,1,53,0
2,6,44,1,53,0
0,4,45,1,53,0
-5,6,46,1,53,0
-6,7,52,1,53,0
3,-6,52,1,53,0
5,-3,28,1,53,0
-2,4,32,1,53,0
6,-6,33,1,53,0
8,3,37,1,53,0
-4,6,39,1,53,0
2,7,49,1,53,0
-4,7,17,1,53,0
5,-4,22,1,53,0
-2,-6,26,1,53,0
4,-1,36,1,53,0
-1,4,39,1,53,0
7,3,43,1,53,0
1,7,46,1,53,0
4,0,47,1,53,0
8,-3,51,1,53,0
8,4,48,1,53,0
2,8,52,1,53,0
1,-3,3,1,53,0
8,-4,5,1,53,0
-4,8,9,1,53,0
7,-1,16,1,53,0
-3,7,19,1,53,0
5,-5,23,1,53,0
0,7,38,1,53,0
3,0,42,1,53,0
8,5,46,1,53,0
6,3,49,1,53,0
2,-6,51,1,53,0
7,4,52,1,53,0
4,1,52,1,53,0
-4,9,2,1,54,0
8,6,4,1,54,0
4,-3,25,1,54,0
-2,7,25,1,54,0
7,-2,43,1,54,0
7,5,43,1,54,0
5,3,53,1,54,0
8,7,12,1,54,0
4,3,14,1,54,0
-1,7,32,1,54,0
-1,-6,32,1,54,0
3,-1,37,1,54,0
7,6,38,1,54,0
7,-3,54,1,54,0
8,-6,49,1,54,0
3,3,8,1,54,0
8,8,9,1,54,0
7,-4,11,1,54,0
6,6,17,1,54,0
6,-1,22,1,54,0
7,7,31,1,54,0
1,-6,45,1,54,0
9,-1,3,1,54,0
-6,4,7,1,54,0
-4,-7,9,1,54,0
3,-3,16,1,54,0
7,8,24,1,54,0
5,6,25,1,54,0
-4,-8,3,1,54,0
-5,4,13,1,54,0
4,6,32,1,54,0
6,-3,39,1,54,0
3,5,52,1,54,0
1,3,53,1,54,0
7,-6,53,1,54,0
6,-4,17,1,54,0
-3,-6,18,1,54,0
-4,4,19,1,54,0
5,-1,28,1,54,0
3,6,38,1,54,0
0,-6,39,1,54,0
-6,6,47,1,54,0
1,4,48,1,54,0
2,5,49,1,54,0
2,-3,9,1,54,0
8,-1,9,1,54,0
-3,4,26,1,54,0
5,-2,34,1,54,0
6,-5,32,1,54,0
-4,5,36,1,54,0
2,6,44,1,54,0
0,4,45,1,54,0
-5,6,46,1,54,0
-6,7,53,1,54,0
3,-6,53,1,54,0
5,-3,28,1,54,0
-2,4,32,1,54,0
6,-6,33,1,54,0
8,3,37,1,54,0
-4,6,39,1,54,0
2,7,49,1,54,0
-4,7,17,1,54,0
5,-4,22,1,54,0
-2,-6,26,1,54,0
4,-1,36,1,54,0
-1,4,39,1,54,0
7,3,43,1,54,0
1,7,46,1,54,0
4,0,47,1,54,0
8,-3,51,1,54,0
8,4,48,1,54,0
2,8,53,1,54,0
5,1,53,1,54,0
1,-3,3,1,54,0
8,-4,5,1,54,0
-4,8,9,1,54,0
7,-1,16,1,54,0
-3,7,19,1,54,0
5,-5,23,1,54,0
0,7,38,1,54,0
3,0,42,1,54,0
8,5,46,1,54,0
6,3,49,1,54,0
2,-6,51,1,54,0
4,1,52,1,54,0
7,4,53,1,54,0
-4,9,2,1,55,0
8,6,4,1,55,0
4,-3,25,1,55,0
-2,7,25,1,55,0
7,-2,43,1,55,0
7,5,43,1,55,0
5,3,54,1,55,0
8,7,12,1,55,0
4,3,14,1,55,0
-1,7,32,1,55,0
-1,-6,32,1,55,0
3,-1,37,1,55,0
7,6,38,1,55,0
7,-3,55,1,55,0
8,-6,49,1,55,0
3,3,8,1,55,0
8,8,9,1,55,0
7,-4,11,1,55,0
6,6,17,1,55,0
6,-1,22,1,55,0
7,7,31,1,55,0
1,-6,45,1,55,0
9,-1,3,1,55,0
-6,4,7,1,55,0
-4,-7,9,1,55,0
3,-3,16,1,55,0
7,8,24,1,55,0
5,6,25,1,55,0
3,4,54,1,55,0
2,3,54,1,55,0
-4,-8,3,1,55,0
-5,4,13,1,55,0
4,6,32,1,55,0
6,-3,39,1,55,0
3,5,52,1,55,0
1,3,53,1,55,0
7,-6,54,1,55,0
6,-4,17,1,55,0
-3,-6,18,1,55,0
-4,4,19,1,55,0
5,-1,28,1,55,0
3,6,38,1,55,0
0,-6,39,1,55,0
-6,6,47,1,55,0
1,4,48,1,55,0
2,5,49,1,55,0
2,-3,9,1,55,0
8,-1,9,1,55,0
-3,4,26,1,55,0
5,-2,34,1,55,0
6,-5,32,1,55,0
-4,5,36,1,55,0
2,6,44,1,55,0
0,4,45,1,55,0
-5,6,46,1,55,0
-6,7,54,1,55,0
3,-6,54,1,55,0
5,-3,28,1,55,0
-2,4,32,1,55,0
6,-6,33,1,55,0
8,3,37,1,55,0
-4,6,39,1,55,0
2,7,49,1,55,0
-4,7,17,1,55,0
5,-4,22,1,55,0
-2,-6,26,1,55,0
4,-1,36,1,55,0
-1,4,39,1,55,0
7,3,43,1,55,0
1,7,46,1,55,0
4,0,47,1,55,0
8,-3,51,1,55,0
8,4,48,1,55,0
2,8,53,1,55,0
5,1,54,1,55,0
1,-3,3,1,55,0
8,-4,5,1,55,0
-4,8,9,1,55,0
7,-1,16,1,55,0
-3,7,19,1,55,0
5,-5,23,1,55,0
0,7,38,1,55,0
3,0,42,1,55,0
8,5,46,1,55,0
6,3,49,1,55,0
2,-6,51,1,55,0
4,1,52,1,55,0
7,4,54,1,55,0
-4,9,2,1,56,0
8,6,4,1,56,0
4,-3,25,1,56,0
-2,7,25,1,56,0
7,-2,43,1,56,0
7,5,43,1,56,0
5,3,55,1,56,0
8,7,12,1,56,0
4,3,14,1,56,0
-1,7,32,1,56,0
-1,-6,32,1,56,0
3,-1,37,1,56,0
7,6,38,1,56,0
7,-3,56,1,56,0
8,-6,49,1,56,0
3,3,8,1,56,0
8,8,9,1,56,0
7,-4,11,1,56,0
6,6,17,1,56,0
6,-1,22,1,56,0
7,7,31,1,56,0
1,-6,45,1,56,0
9,-1,3,1,56,0
-6,4,7,1,56,0
-4,-7,9,1,56,0
3,-3,16,1,56,0
7,8,24,1,56,0
5,6,25,1,56,0
3,4,55,1,56,0
2,3,55,1,56,0
-4,-8,3,1,56,0
-5,4,13,1,56,0
4,6,32,1,56,0
6,-3,39,1,56,0
3,5,52,1,56,0
1,3,53,1,56,0
7,-6,55,1,56,0
6,-4,17,1,56,0
-3,-6,18,1,56,0
-4,4,19,1,56,0
5,-1,28,1,56,0
3,6,38,1,56,0
0,-6,39,1,56,0
-6,6,47,1,56,0
1,4,48,1,56,0
2,5,49,1,56,0
2,-3,9,1,56,0
8,-1,9,1,56,0
-3,4,26,1,56,0
5,-2,34,1,56,0
6,-5,32,1,56,0
-4,5,36,1,56,0
2,6,44,1,56,0
0,4,45,1,56,0
-5,6,46,1,56,0
-6,7,55,1,56,0
3,-6,55,1,56,0
5,-3,28,1,56,0
-2,4,32,1,56,0
6,-6,33,1,56,0
8,3,37,1,56,0
-4,6,39,1,56,0
2,7,49,1,56,0
-4,7,17,1,56,0
5,-4,22,1,56,0
-2,-6,26,1,56,0
4,-1,36,1,56,0
-1,4,39,1,56,0
7,3,43,1,56,0
1,7,46,1,56,0
4,0,47,1,56,0
8,-3,51,1,56,0
8,4,48,1,56,0
2,8,55,1,56,0
5,1,55,1,56,0
1,-3,3,1,56,0
8,-4,5,1,56,0
-4,8,9,1,56,0
7,-1,16,1,56,0
-3,7,19,1,56,0
5,-5,23,1,56,0
0,7,38,1,56,0
3,0,42,1,56,0
8,5,46,1,56,0
6,3,49,1,56,0
2,-6,51,1,56,0
4,1,52,1,56,0
7,4,55,1,56,0
-4,9,2,1,57,0
8,6,4,1,57,0
4,-3,25,1,57,0
-2,7,25,1,57,0
7,-2,43,1,57,0
5,3,55,1,57,0
7,5,56,1,57,0
8,7,12,1,57,0
4,3,14,1,57,0
-1,7,32,1,57,0
-1,-6,32,1,57,0
3,-1,37,1,57,0
7,6,38,1,57,0
7,-3,56,1,57,0
8,-6,49,1,57,0
3,3,8,1,57,0
8,8,9,1,57,0
7,-4,57,1,57,0
6,6,17,1,57,0
6,-1,22,1,57,0
7,7,31,1,57,0
1,-6,45,1,57,0
9,-1,3,1,57,0
-6,4,7,1,57,0
-4,-7,9,1,57,0
3,-3,16,1,57,0
7,8,24,1,57,0
5,6,25,1,57,0
3,4,56,1,57,0
2,3,56,1,57,0
-4,-8,3,1,57,0
-5,4,13,1,57,0
4,6,32,1,57,0
6,-3,39,1,57,0
3,5,52,1,57,0
1,3,53,1,57,0
7,-6,55,1,57,0
6,-4,17,1,57,0
-3,-6,18,1,57,0
-4,4,19,1,57,0
5,-1,28,1,57,0
3,6,38,1,57,0
0,-6,39,1,57,0
-6,6,47,1,57,0
1,4,48,1,57,0
2,5,49,1,57,0
7,-7,56,1,57,0
2,-3,9,1,57,0
8,-1,9,1,57,0
-3,4,26,1,57,0
5,-2,34,1,57,0
6,-5,32,1,57,0
-4,5,36,1,57,0
2,6,44,1,57,0
0,4,45,1,57,0
-5,6,46,1,57,0
-6,7,55,1,57,0
3,-6,56,1,57,0
5,-3,28,1,57,0
-2,4,32,1,57,0
6,-6,33,1,57,0
8,3,37,1,57,0
-4,6,39,1,57,0
2,7,49,1,57,0
-6,8,56,1,57,0
-4,7,17,1,57,0
5,-4,22,1,57,0
-2,-6,26,1,57,0
4,-1,36,1,57,0
-1,4,39,1,57,0
7,3,43,1,57,0
1,7,46,1,57,0
4,0,47,1,57,0
8,-3,51,1,57,0
8,4,48,1,57,0
2,8,56,1,57,0
5,1,56,1,57,0
1,-3,3,1,57,0
8,-4,5,1,57,0
-4,8,9,1,57,0
7,-1,16,1,57,0
-3,7,19,1,57,0
5,-5,23,1,57,0
0,7,38,1,57,0
3,0,42,1,57,0
8,5,46,1,57,0
6,3,49,1,57,0
2,-6,51,1,57,0
4,1,52,1,57,0
7,4,55,1,57,0
-4,9,2,1,58,0
8,6,4,1,58,0
4,-3,25,1,58,0
-2,7,25,1,58,0
7,-2,43,1,58,0
5,3,56,1,58,0
7,5,57,1,58,0
8,7,12,1,58,0
-1,7,32,1,58,0
-1,-6,32,1,58,0
3,-1,37,1,58,0
7,6,38,1,58,0
7,-3,56,1,58,0
8,-6,49,1,58,0
4,3,57,1,58,0
3,3,8,1,58,0
8,8,9,1,58,0
7,-4,57,1,58,0
6,6,17,1,58,0
6,-1,22,1,58,0
7,7,31,1,58,0
1,-6,45,1,58,0
8,-7,57,1,58,0
9,-1,3,1,58,0
-6,4,7,1,58,0
-4,-7,9,1,58,0
3,-3,16,1,58,0
7,8,24,1,58,0
5,6,25,1,58,0
3,4,57,1,58,0
2,3,57,1,58,0
-4,-8,3,1,58,0
-5,4,13,1,58,0
4,6,32,1,58,0
6,-3,39,1,58,0
3,5,52,1,58,0
1,3,53,1,58,0
7,-6,55,1,58,0
6,-4,17,1,58,0
-3,-6,18,1,58,0
-4,4,19,1,58,0
5,-1,28,1,58,0
3,6,38,1,58,0
0,-6,39,1,58,0
-6,6,47,1,58,0
1,4,48,1,58,0
2,5,49,1,58,0
7,-7,56,1,58,0
2,-3,9,1,58,0
8,-1,9,1,58,0
-3,4,26,1,58,0
5,-2,34,1,58,0
6,-5,32,1,58,0
-4,5,36,1,58,0
2,6,44,1,58,0
0,4,45,1,58,0
-5,6,46,1,58,0
-6,7,55,1,58,0
3,-6,57,1,58,0
5,-3,28,1,58,0
-2,4,32,1,58,0
6,-6,33,1,58,0
8,3,37,1,58,0
-4,6,39,1,58,0
2,7,49,1,58,0
3,8,57,1,58,0
-6,8,57,1,58,0
-4,7,17,1,58,0
5,-4,22,1,58,0
-2,-6,26,1,58,0
4,-1,36,1,58,0
-1,4,39,1,58,0
7,3,43,1,58,0
1,7,46,1,58,0
4,0,47,1,58,0
8,-3,51,1,58,0
8,4,48,1,58,0
2,8,56,1,58,0
5,1,57,1,58,0
1,-3,3,1,58,0
8,-4,58,1,58,0
-4,8,9,1,58,0
7,-1,16,1,58,0
-3,7,19,1,58,0
5,-5,23,1,58,0
0,7,38,1,58,0
3,0,42,1,58,0
8,5,46,1,58,0
6,3,49,1,58,0
2,-6,51,1,58,0
4,1,52,1,58,0
7,4,55,1,58,0
-4,9,2,1,59,0
8,6,4,1,59,0
4,-3,25,1,59,0
-2,7,25,1,59,0
7,-2,43,1,59,0
5,3,56,1,59,0
7,5,58,1,59,0
8,7,12,1,59,0
-1,7,32,1,59,0
-1,-6,32,1,59,0
3,-1,37,1,59,0
7,6,38,1,59,0
7,-3,56,1,59,0
8,-6,49,1,59,0
4,3,58,1,59,0
3,3,8,1,59,0
8,8,9,1,59,0
7,-4,57,1,59,0
6,6,17,1,59,0
6,-1,22,1,59,0
7,7,31,1,59,0
1,-6,45,1,59,0
2,2,58,1,59,0
8,-7,58,1,59,0
9,-1,3,1,59,0
-6,4,7,1,59,0
-4,-7,9,1,59,0
3,-3,16,1,59,0
7,8,24,1,59,0
5,6,25,1,59,0
2,3,57,1,59,0
3,4,58,1,59,0
4,-6,58,1,59,0
-4,-8,3,1,59,0
-5,4,13,1,59,0
4,6,32,1,59,0
6,-3,39,1,59,0
3,5,52,1,59,0
1,3,53,1,59,0
7,-6,55,1,59,0
6,-4,17,1,59,0
-3,-6,18,1,59,0
-4,4,19,1,59,0
5,-1,28,1,59,0
3,6,38,1,59,0
0,-6,39,1,59,0
-6,6,47,1,59,0
1,4,48,1,59,0
2,5,49,1,59,0
7,-7,56,1,59,0
2,-3,9,1,59,0
8,-1,9,1,59,0
-3,4,26,1,59,0
5,-2,34,1,59,0
6,-5,32,1,59,0
-4,5,36,1,59,0
2,6,44,1,59,0
0,4,45,1,59,0
-5,6,46,1,59,0
-6,7,55,1,59,0
3,-6,57,1,59,0
3,7,58,1,59,0
5,-3,28,1,59,0
-2,4,32,1,59,0
6,-6,33,1,59,0
8,3,37,1,59,0
-4,6,39,1,59,0
2,7,49,1,59,0
3,8,57,1,59,0
-6,8,58,1,59,0
-4,7,17,1,59,0
5,-4,22,1,59,0
-2,-6,26,1,59,0
4,-1,36,1,59,0
-1,4,39,1,59,0
7,3,43,1,59,0
1,7,46,1,59,0
4,0,47,1,59,0
8,-3,51,1,59,0
8,4,48,1,59,0
2,8,56,1,59,0
5,1,58,1,59,0
1,-3,3,1,59,0
8,-4,59,1,59,0
-4,8,9,1,59,0
7,-1,16,1,59,0
-3,7,19,1,59,0
5,-5,23,1,59,0
0,7,38,1,59,0
3,0,42,1,59,0
8,5,46,1,59,0
6,3,49,1,59,0
2,-6,51,1,59,0
4,1,52,1,59,0
7,4,55,1,59,0
-4,9,2,1,60,0
8,6,4,1,60,0
4,-3,25,1,60,0
-2,7,25,1,60,0
7,-2,43,1,60,0
5,3,56,1,60,0
7,5,59,1,60,0
8,7,12,1,60,0
-1,7,32,1,60,0
-1,-6,32,1,60,0
3,-1,37,1,60,0
7,6,38,1,60,0
7,-3,56,1,60,0
8,-6,49,1,60,0
4,3,59,1,60,0
3,3,8,1,60,0
8,8,9,1,60,0
7,-4,57,1,60,0
6,6,17,1,60,0
6,-1,22,1,60,0
7,7,31,1,60,0
1,-6,45,1,60,0
2,2,59,1,60,0
8,-7,59,1,60,0
9,-1,3,1,60,0
-6,4,7,1,60,0
-4,-7,9,1,60,0
3,-3,16,1,60,0
7,8,24,1,60,0
5,6,25,1,60,0
2,3,57,1,60,0
3,4,58,1,60,0
4,-6,59,1,60,0
-4,-8,3,1,60,0
-5,4,13,1,60,0
4,6,32,1,60,0
6,-3,39,1,60,0
3,5,52,1,60,0
1,3,53,1,60,0
7,-6,55,1,60,0
6,-4,17,1,60,0
-3,-6,18,1,60,0
-4,4,19,1,60,0
5,-1,28,1,60,0
3,6,38,1,60,0
0,-6,39,1,60,0
-6,6,47,1,60,0
1,4,48,1,60,0
2,5,49,1,60,0
7,-7,56,1,60,0
2,-3,9,1,60,0
8,-1,9,1,60,0
-3,4,26,1,60,0
5,-2,34,1,60,0
6,-5,32,1,60,0
-4,5,36,1,60,0
2,6,44,1,60,0
0,4,45,1,60,0
-5,6,46,1,60,0
3,-6,57,1,60,0
3,7,59,1,60,0
-6,7,59,1,60,0
5,-3,28,1,60,0
-2,4,32,1,60,0
6,-6,33,1,60,0
8,3,37,1,60,0
-4,6,39,1,60,0
2,7,49,1,60,0
3,8,57,1,60,0
-6,8,58,1,60,0
-4,7,17,1,60,0
5,-4,22,1,60,0
-2,-6,26,1,60,0
4,-1,36,1,60,0
-1,4,39,1,60,0
7,3,43,1,60,0
1,7,46,1,60,0
4,0,47,1,60,0
8,-3,51,1,60,0
8,4,48,1,60,0
2,8,56,1,60,0
5,1,59,1,60,0
1,-3,3,1,60,0
8,-4,59,1,60,0
-4,8,9,1,60,0
7,-1,16,1,60,0
-3,7,19,1,60,0
5,-5,23,1,60,0
0,7,38,1,60,0
3,0,42,1,60,0
8,5,46,1,60,0
6,3,49,1,60,0
2,-6,51,1,60,0
4,1,52,1,60,0
7,4,55,1,60,0
-4,9,2,1,61,0
8,6,4,1,61,0
4,-3,25,1,61,0
-2,7,25,1,61,0
7,-2,43,1,61,0
5,3,56,1,61,0
7,5,59,1,61,0
8,7,12,1,61,0
-1,7,32,1,61,0
-1,-6,32,1,61,0
3,-1,37,1,61,0
7,6,38,1,61,0
7,-3,56,1,61,0
8,-6,49,1,61,0
4,3,59,1,61,0
3,3,8,1,61,0
8,8,9,1,61,0
7,-4,57,1,61,0
6,6,17,1,61,0
6,-1,22,1,61,0
7,7,31,1,61,0
1,-6,45,1,61,0
2,2,59,1,61,0
8,-7,59,1,61,0
4,4,59,1,61,0
9,-1,3,1,61,0
-6,4,7,1,61,0
-4,-7,9,1,61,0
3,-3,16,1,61,0
7,8,24,1,61,0
5,6,25,1,61,0
2,3,57,1,61,0
3,4,58,1,61,0
4,-6,59,1,61,0
-4,-8,3,1,61,0
-5,4,13,1,61,0
4,6,32,1,61,0
6,-3,39,1,61,0
3,5,52,1,61,0
1,3,53,1,61,0
7,-6,55,1,61,0
6,-4,17,1,61,0
-3,-6,18,1,61,0
-4,4,19,1,61,0
5,-1,28,1,61,0
3,6,38,1,61,0
0,-6,39,1,61,0
-6,6,47,1,61,0
1,4,48,1,61,0
2,5,49,1,61,0
7,-7,56,1,61,0
2,-3,9,1,61,0
8,-1,9,1,61,0
-3,4,26,1,61,0
5,-2,34,1,61,0
6,-5,32,1,61,0
-4,5,36,1,61,0
2,6,44,1,61,0
0,4,45,1,61,0
-5,6,46,1,61,0
3,-6,57,1,61,0
3,7,59,1,61,0
-6,7,59,1,61,0
5,-3,28,1,61,0
-2,4,32,1,61,0
6,-6,33,1,61,0
8,3,37,1,61,0
-4,6,39,1,61,0
2,7,49,1,61,0
3,8,57,1,61,0
-6,8,58,1,61,0
-4,7,17,1,61,0
5,-4,22,1,61,0
-2,-6,26,1,61,0
4,-1,36,1,61,0
-1,4,39,1,61,0
7,3,43,1,61,0
1,7,46,1,61,0
4,0,47,1,61,0
8,-3,51,1,61,0
8,4,48,1,61,0
2,8,56,1,61,0
5,1,59,1,61,0
1,-3,3,1,61,0
8,-4,61,1,61,0
-4,8,9,1,61,0
7,-1,16,1,61,0
-3,7,19,1,61,0
5,-5,23,1,61,0
0,7,38,1,61,0
3,0,42,1,61,0
8,5,46,1,61,0
6,3,49,1,61,0
2,-6,51,1,61,0
4,1,52,1,61,0
7,4,55,1,61,0
