2,1,1
2,1,7
2,1,2
2,1,6
2,1,9
2,1,4
2,1,5
2,1,8
2,1,3
2,1,0
116,2,5
159,2,1
204,2,2
204,2,8
204,2,6
204,2,3
204,2,0
207,2,4
204,2,9
213,2,7
963,3,6
1098,3,2
1025,3,1
889,3,4
1186,3,7
1091,3,9
1098,3,0
846,3,3
1241,3,8
1241,3,5
1241,4,1
1241,4,3
1241,4,7
1241,4,4
1241,4,9
1241,4,0
1279,4,8
1241,4,6
1241,4,2
1241,4,5
1283,5,8
1334,5,6
1258,5,4
1291,5,5
1298,5,1
1236,5,2
1274,5,7
1262,5,3
1258,5,0
1236,5,9
1344,6,4
1327,6,5
1349,6,7
1348,6,3
1369,6,8
1348,6,0
1366,6,1
1291,6,9
1309,6,2
1369,6,6
1327,7,9
1331,7,2
1306,7,4
1369,7,8
1349,7,7
1327,7,3
1327,7,5
1348,7,0
1348,7,6
1349,7,1
1330,8,6
1305,8,4
1290,8,1
1310,8,3
1331,8,2
1310,8,0
1349,8,7
1310,8,5
1331,8,9
1356,8,8
1314,9,3
1293,9,5
1311,9,4
1355,9,8
1315,9,7
1314,9,9
1311,9,1
1314,9,2
1293,9,0
1293,9,6
1332,10,4
1313,10,6
1312,10,7
1395,10,8
1366,10,9
1314,10,2
1315,10,1
1311,10,5
1293,10,0
1314,10,3
1302,11,8
1304,11,2
1268,11,7
1304,11,5
1324,11,0
1324,11,3
1323,11,1
1324,11,4
1324,11,6
1294,11,9
1305,12,1
1218,12,0
1239,12,2
1283,12,6
1265,12,3
1303,12,4
1304,12,8
1198,12,9
1280,12,7
1249,12,5
1315,13,4
1316,13,7
1359,13,3
1351,13,6
1360,13,5
1401,13,8
1339,13,2
1342,13,0
1382,13,9
1359,13,1
1450,14,6
1475,14,8
1439,14,1
1417,14,7
1492,14,3
1382,14,4
1450,14,2
1415,14,5
1450,14,9
1450,14,0
1479,15,3
1429,15,0
1509,15,1
1433,15,9
1454,15,6
1451,15,7
1433,15,2
1479,15,8
1451,15,4
1432,15,5
1431,16,0
1471,16,1
1390,16,4
1477,16,2
1483,16,3
1480,16,8
1477,16,6
1473,16,5
1453,16,9
1507,16,7
1510,17,2
1432,17,4
1521,17,5
1574,17,8
1450,17,0
1512,17,7
1531,17,6
1534,17,1
1489,17,9
1574,17,3
1585,18,3
1521,18,5
1585,18,8
1522,18,4
1505,18,2
1545,18,7
1567,18,1
1489,18,0
1535,18,9
1564,18,6
1556,19,4
1619,19,8
1623,19,3
1505,19,2
1538,19,5
1560,19,0
1581,19,6
1584,19,1
1556,19,9
1580,19,7
1614,20,7
1696,20,8
1667,20,6
1654,20,3
1573,20,4
1556,20,5
1636,20,1
1612,20,0
1612,20,9
1612,20,2
1583,21,0
1549,21,4
1582,21,1
1604,21,7
1583,21,2
1583,21,8
1584,21,5
1583,21,9
1583,21,3
1553,21,6
1541,22,3
1456,22,9
1540,22,8
1519,22,2
1497,22,0
1515,22,1
1480,22,7
1475,22,5
1495,22,4
1511,22,6
1693,23,1
1713,23,9
1695,23,2
1714,23,0
1670,23,5
1697,23,3
1715,23,7
1755,23,8
1734,23,6
1692,23,4
1776,24,3
1734,24,6
1776,24,8
1736,24,7
1776,24,2
1734,24,0
1713,24,4
1745,24,5
1747,24,9
1714,24,1
1758,25,5
1821,25,0
1864,25,8
1803,25,7
1780,25,4
1781,25,1
1823,25,2
1780,25,9
1790,25,3
1801,25,6
1835,26,0
1779,26,5
1803,26,7
1856,26,2
1835,26,6
1780,26,4
1877,26,3
1898,26,8
1815,26,1
1814,26,9
1813,27,5
1814,27,9
1856,27,2
1815,27,1
1833,27,7
1898,27,8
1835,27,0
1814,27,4
1877,27,3
1835,27,6
1835,28,2
1832,28,9
1832,28,6
1828,28,4
1895,28,8
1833,28,7
1874,28,3
1845,28,1
1831,28,5
1853,28,0
1946,29,3
1886,29,2
1882,29,5
1884,29,7
1865,29,6
1862,29,9
1829,29,4
1925,29,8
1917,29,0
1866,29,1
1959,30,2
1980,30,3
1917,30,9
1917,30,4
1951,30,6
1917,30,0
1938,30,8
1949,30,5
1918,30,1
1918,30,7
1946,31,0
1887,31,2
1918,31,5
1854,31,3
1865,31,4
1924,31,1
1946,31,8
1925,31,9
1870,31,6
1945,31,7
1923,32,3
1838,32,5
1839,32,0
1862,32,1
1871,32,9
1840,32,6
1861,32,8
1882,32,4
1915,32,2
1841,32,7
1935,33,6
1977,33,9
1917,33,2
1960,33,3
1977,33,8
1913,33,4
2049,33,7
2010,33,5
2012,33,1
2032,33,0
2085,34,8
2065,34,4
2111,34,3
2085,34,9
2027,34,2
2064,34,6
2119,34,1
2085,34,0
2084,34,5
2086,34,7
2098,35,0
2182,35,3
2099,35,2
2119,35,8
2098,35,1
2119,35,9
2098,35,6
2076,35,5
2099,35,7
2065,35,4
2161,36,3
2099,36,7
2098,36,0
2099,36,1
2119,36,9
2098,36,2
2119,36,8
2077,36,4
2098,36,6
2130,36,5
2165,37,6
2152,37,9
2123,37,3
2169,37,8
2132,37,1
2130,37,5
2098,37,2
2165,37,0
2131,37,4
2132,37,7
2220,38,9
2220,38,8
2202,38,5
2183,38,7
2224,38,3
2182,38,6
2199,38,4
2186,38,2
2183,38,1
2182,38,0
2216,39,2
2181,39,5
2233,39,7
2182,39,0
2217,39,1
2268,39,9
2237,39,3
2237,39,8
2237,39,6
2216,39,4
2253,40,3
2263,40,0
2263,40,6
2284,40,8
2264,40,1
2263,40,2
2262,40,5
2264,40,7
2321,40,4
2284,40,9
2225,41,4
2258,41,6
2259,41,9
2200,41,3
2258,41,0
2258,41,7
2258,41,1
2237,41,2
2259,41,5
2237,41,8
2175,42,2
2155,42,4
2168,42,1
2133,42,0
2196,42,3
2201,42,8
2153,42,9
2154,42,5
2135,42,7
2134,42,6
2276,43,3
2335,43,4
2318,43,9
2319,43,7
2339,43,8
2314,43,2
2318,43,1
2297,43,0
2349,43,6
2317,43,5
2366,44,7
2395,44,3
2386,44,9
2365,44,1
2387,44,4
2344,44,2
2365,44,6
2364,44,5
2406,44,8
2365,44,0
2364,45,0
2348,45,7
2364,45,2
2347,45,1
2367,45,9
2386,45,4
2368,45,6
2431,45,3
2346,45,5
2389,45,8
2392,46,6
2455,46,3
2354,46,7
2372,46,4
2334,46,9
2349,46,2
2370,46,5
2371,46,0
2371,46,1
2413,46,8
2360,47,4
2338,47,0
2355,47,3
2317,47,5
2338,47,2
2359,47,6
2296,47,9
2338,47,1
2317,47,7
2380,47,8
2346,48,8
2317,48,2
2363,48,3
2321,48,6
2301,48,1
2360,48,4
2338,48,7
2338,48,0
2301,48,9
2279,48,5
2342,49,6
2247,49,5
2346,49,3
2288,49,1
2310,49,4
2288,49,0
2288,49,7
2267,49,9
2330,49,8
2288,49,2
2343,50,3
2301,50,7
2280,50,9
2284,50,4
2301,50,2
2294,50,6
2230,50,0
2247,50,1
2322,50,8
2280,50,5
2297,51,3
2297,51,4
2276,51,2
2270,51,6
2224,51,1
2297,51,9
2276,51,7
2297,51,5
2293,51,8
2297,51,0
2193,52,4
2171,52,9
2150,52,5
2213,52,0
2213,52,1
2234,52,7
2259,52,3
2196,52,2
2213,52,6
2244,52,8
2291,53,7
2263,53,1
2269,53,9
2290,53,8
2279,53,4
2311,53,3
2315,53,0
2259,53,2
2273,53,5
2273,53,6
2298,54,8
2298,54,0
2302,54,7
2300,54,3
2298,54,2
2278,54,4
2256,54,5
2256,54,9
2294,54,1
2319,54,6
2260,55,8
2260,55,6
2222,55,5
2300,55,3
2261,55,2
2302,55,1
2282,55,7
2261,55,4
2222,55,9
2264,55,0
2304,56,3
2285,56,1
2289,56,7
2264,56,6
2264,56,8
2265,56,4
2201,56,5
2222,56,9
2266,56,0
2285,56,2
2230,57,6
2311,57,3
2272,57,7
2230,57,8
2214,57,1
2251,57,2
2249,57,0
2188,57,9
2231,57,4
2188,57,5
2197,58,4
2154,58,5
2276,58,7
2206,58,8
2223,58,6
2215,58,0
2294,58,3
2255,58,2
2234,58,1
2114,58,9
2341,59,3
2323,59,7
2197,59,5
2249,59,1
2208,59,2
2154,59,9
2261,59,4
2238,59,8
2281,59,0
2217,59,6
2341,60,3
2260,60,2
2281,60,0
2176,60,5
2218,60,9
2261,60,4
2281,60,1
2238,60,6
2323,60,7
2238,60,8
2197,61,3
2197,61,2
2197,61,5
2198,61,8
2197,61,1
2197,61,4
2198,61,6
2218,61,9
2197,61,7
2197,61,0
2198,62,2
2178,62,7
2113,62,6
2196,62,3
2092,62,8
2178,62,1
2136,62,0
2136,62,5
2182,62,4
2072,62,9
2199,63,6
2264,63,2
2195,63,8
2158,63,9
2240,63,3
2244,63,7
2264,63,4
2261,63,0
2205,63,1
2200,63,5
2268,64,4
2267,64,2
2183,64,5
2225,64,1
2282,64,3
2235,64,8
2288,64,7
2182,64,6
2224,64,0
2204,64,9
2267,65,6
2276,65,0
2320,65,7
2257,65,2
2235,65,8
2215,65,5
2297,65,3
2257,65,1
2215,65,9
2320,65,4
2289,66,2
2310,66,0
2246,66,6
2174,66,5
2331,66,4
2267,66,8
2329,66,3
2246,66,9
2300,66,7
2289,66,1
2289,67,1
2328,67,3
2393,67,7
2245,67,6
2287,67,8
2310,67,0
2288,67,2
2311,67,4
2267,67,5
2226,67,9
2310,68,2
2339,68,3
2267,68,8
2373,68,7
2267,68,6
2247,68,5
2311,68,4
2288,68,1
2351,68,0
2267,68,9
2309,69,1
2359,69,3
2311,69,2
2299,69,9
2277,69,6
2298,69,8
2279,69,5
2383,69,4
2388,69,7
2383,69,0
2322,70,3
2388,70,7
2325,70,0
2262,70,5
2299,70,6
2346,70,2
2287,70,1
2282,70,8
2241,70,9
2367,70,4
2266,71,9
2245,71,1
2241,71,2
2224,71,0
2242,71,3
2224,71,7
2225,71,6
2224,71,4
2241,71,5
2225,71,8
2182,72,3
2184,72,1
2141,72,9
2203,72,0
2101,72,5
2289,72,7
2231,72,4
2184,72,2
2215,72,6
2173,72,8
2306,73,3
2313,73,2
2397,73,0
2276,73,9
2313,73,1
2407,73,7
2311,73,6
2312,73,5
2377,73,4
2332,73,8
2320,74,8
2402,74,0
2321,74,1
2320,74,6
2360,74,3
2299,74,9
2364,74,4
2447,74,7
2300,74,5
2321,74,2
2283,75,5
2345,75,1
2321,75,2
2303,75,6
2279,75,9
2319,75,3
2303,75,8
2368,75,4
2430,75,7
2385,75,0
2299,76,5
2299,76,8
2319,76,6
2384,76,4
2347,76,2
2319,76,3
2341,76,1
2223,76,9
2401,76,0
2408,76,7
2269,77,6
2368,77,7
2314,77,8
2310,77,1
2302,77,3
2352,77,4
2306,77,2
2242,77,5
2344,77,0
2262,77,9
2361,78,2
2394,78,0
2332,78,3
2292,78,5
2329,78,6
2312,78,9
2309,78,1
2407,78,7
2415,78,4
2308,78,8
2397,79,1
2292,79,5
2292,79,6
2312,79,8
2332,79,3
2394,79,0
2334,79,2
2439,79,7
2292,79,9
2419,79,4
2331,80,3
2291,80,8
2314,80,2
2356,80,0
2419,80,4
2419,80,7
2333,80,6
2292,80,5
2292,80,9
2418,80,1
2259,81,3
2254,81,1
2255,81,6
2275,81,0
2255,81,5
2255,81,9
2254,81,2
2254,81,4
2255,81,8
2254,81,7
2110,82,5
2278,82,7
2195,82,2
2256,82,1
2172,82,6
2151,82,8
2204,82,3
2110,82,9
2201,82,4
2199,82,0
2272,83,8
2271,83,3
2380,83,4
2305,83,2
2378,83,0
2251,83,6
2253,83,9
2331,83,7
2363,83,1
2273,83,5
2387,84,7
2326,84,4
2219,84,5
2303,84,2
2219,84,9
2313,84,6
2324,84,0
2256,84,8
2366,84,1
2276,84,3
2419,85,7
2419,85,1
2291,85,3
2229,85,5
2271,85,6
2271,85,8
2251,85,9
2356,85,0
2358,85,4
2335,85,2
2271,86,6
2272,86,2
2211,86,9
2291,86,3
2271,86,8
2358,86,4
2335,86,7
2419,86,1
2356,86,0
2251,86,5
2356,87,7
2271,87,6
2358,87,4
2291,87,3
2251,87,9
2335,87,0
2419,87,1
2271,87,8
2293,87,2
2251,87,5
2316,88,7
2291,88,3
2250,88,6
2419,88,1
2293,88,2
2358,88,4
2318,88,0
2250,88,8
2251,88,5
2251,88,9
2254,89,6
2317,89,0
2380,89,7
2274,89,8
2290,89,3
2418,89,1
2282,89,4
2254,89,9
2296,89,2
2232,89,5
2362,90,7
2320,90,2
2236,90,3
2404,90,1
2176,90,9
2284,90,6
2282,90,4
2256,90,8
2320,90,0
2254,90,5
2175,91,7
2227,91,1
2194,91,4
2220,91,6
2248,91,3
2248,91,8
2216,91,9
2227,91,2
2227,91,0
2248,91,5
2331,92,7
2249,92,0
2145,92,6
2248,92,2
2163,92,9
2249,92,1
2203,92,8
2190,92,4
2188,92,3
2145,92,5
2271,93,8
2270,93,2
2230,93,3
2189,93,5
2278,93,4
2293,93,7
2274,93,0
2316,93,1
2209,93,6
2167,93,9
2316,94,0
2296,94,2
2292,94,8
2252,94,9
2232,94,5
2298,94,4
2358,94,7
2337,94,1
2231,94,6
2272,94,3
2358,95,7
2420,95,1
2252,95,9
2272,95,6
2252,95,5
2312,95,8
2318,95,4
2336,95,2
2340,95,0
2292,95,3
2255,96,3
2301,96,4
2287,96,6
2340,96,0
2275,96,8
2215,96,9
2336,96,2
2378,96,7
2420,96,1
2235,96,5
2287,97,6
2279,97,4
2372,97,0
2414,97,7
2435,97,1
2309,97,2
2327,97,3
2267,97,5
2267,97,9
2311,97,8
2358,98,0
2398,98,7
2293,98,2
2343,98,4
2295,98,3
2336,98,1
2231,98,5
2271,98,6
2311,98,8
2209,98,9
2346,99,0
2307,99,1
2262,99,8
2218,99,6
2390,99,7
2261,99,2
2262,99,3
2244,99,9
2290,99,4
2202,99,5
2240,100,3
2240,100,8
2285,100,1
2348,100,7
2200,100,6
2270,100,4
2264,100,2
2324,100,0
2159,100,9
2200,100,5
2180,101,3
2139,101,1
2180,101,9
2159,101,6
2159,101,8
2178,101,4
2159,101,0
2159,101,7
2180,101,5
2179,101,2
2166,102,4
2061,102,6
2058,102,3
2141,102,2
2200,102,0
2244,102,7
2117,102,8
2223,102,1
2035,102,5
2056,102,9
2271,103,0
2254,103,4
2190,103,2
2127,103,5
2271,103,7
2308,103,1
2104,103,6
2187,103,3
2127,103,9
2208,103,8
2210,104,8
2316,104,7
2238,104,4
2168,104,6
2232,104,2
2126,104,5
2148,104,9
2208,104,3
2292,104,0
2316,104,1
2170,105,6
2236,105,2
2320,105,1
2252,105,8
2258,105,4
2131,105,5
2196,105,3
2237,105,7
2172,105,9
2253,105,0
2240,106,7
2219,106,8
2223,106,4
2199,106,1
2175,106,6
2114,106,5
2195,106,3
2219,106,2
2135,106,9
2237,106,0
2202,107,4
2119,107,5
2182,107,1
2159,107,6
2245,107,2
2224,107,7
2219,107,8
2158,107,3
2119,107,9
2221,107,0
2245,108,2
2219,108,8
2221,108,0
2179,108,3
2224,108,7
2159,108,6
2207,108,4
2119,108,5
2119,108,9
2244,108,1
2224,109,7
2224,109,1
2159,109,6
2119,109,9
2245,109,2
2119,109,5
2197,109,8
2187,109,4
2223,109,3
2221,109,0
2203,110,8
2251,110,1
2121,110,6
2188,110,7
2191,110,4
2187,110,2
2205,110,0
2223,110,3
2103,110,9
2103,110,5
2082,111,7
2083,111,9
2082,111,1
2082,111,2
2083,111,5
2083,111,3
2104,111,6
2081,111,4
2083,111,8
2083,111,0
2130,112,1
1939,112,9
1962,112,6
2029,112,4
2058,112,8
2085,112,7
2018,112,0
2078,112,3
2045,112,2
1939,112,5
2150,113,7
2182,113,4
2130,113,2
2167,113,0
2065,113,5
2147,113,6
2206,113,3
2067,113,9
2212,113,1
2187,113,8
2071,114,5
2029,114,9
2133,114,2
2189,114,8
2189,114,3
2133,114,7
2223,114,4
2129,114,0
2214,114,1
2088,114,6
2216,115,1
2173,115,8
2153,115,2
2149,115,0
2169,115,6
2216,115,7
2069,115,5
2223,115,4
2209,115,3
2069,115,9
2113,116,0
2173,116,8
2158,116,2
2213,116,3
2053,116,5
2189,116,4
2200,116,7
2173,116,6
2200,116,1
2033,116,9
2182,117,7
2189,117,4
2155,117,8
2119,117,2
2015,117,9
2134,117,6
2035,117,5
2139,117,1
2115,117,0
2174,117,3
2141,118,1
2135,118,8
2183,118,7
2059,118,2
2039,118,0
2075,118,6
2175,118,3
2014,118,9
2015,118,5
2169,118,4
2167,119,7
2179,119,3
2079,119,6
2103,119,2
2125,119,1
2059,119,0
2019,119,5
2173,119,4
2139,119,8
1998,119,9
2179,120,3
2139,120,8
2038,120,0
2041,120,2
2145,120,1
2058,120,6
2167,120,7
2019,120,5
2019,120,9
2173,120,4
1978,121,0
1938,121,1
1978,121,6
1999,121,8
1998,121,2
1999,121,3
1997,121,4
1978,121,7
1999,121,5
1957,121,9
2001,122,1
1996,122,6
1834,122,5
1954,122,8
1975,122,3
2023,122,7
1916,122,0
1937,122,2
1876,122,9
2011,122,4
2082,123,8
2107,123,4
2001,123,2
2097,123,6
2038,123,0
2167,123,7
2118,123,3
2063,123,1
1998,123,9
2019,123,5
2083,124,3
2103,124,8
2083,124,6
1983,124,9
2049,124,1
2045,124,2
2003,124,5
2191,124,7
2043,124,0
2068,124,4
1925,125,5
2066,125,8
1987,125,2
2093,125,7
2063,125,6
2029,125,1
2030,125,0
2046,125,3
2031,125,4
1944,125,9
2028,126,2
2033,126,1
2118,126,7
1970,126,9
2050,126,6
2050,126,3
2035,126,4
2070,126,8
1970,126,5
2050,126,0
2118,127,7
2012,127,2
2050,127,0
2050,127,3
2054,127,1
2035,127,4
1994,127,6
1970,127,9
2049,127,8
1950,127,5
2019,128,4
2054,128,2
2018,128,3
2038,128,1
1934,128,9
2014,128,0
2122,128,7
2037,128,8
2035,128,6
1970,128,5
2022,129,2
1982,129,6
1938,129,9
2022,129,3
2086,129,7
2022,129,1
1961,129,0
2042,129,8
1987,129,4
1922,129,5
2090,130,7
1982,130,6
2006,130,2
1982,130,0
2022,130,8
2069,130,1
2022,130,3
1902,130,5
1922,130,9
1987,130,4
1861,131,7
1861,131,2
1902,131,9
1882,131,3
1881,131,8
1861,131,6
1881,131,1
1882,131,5
1882,131,0
1880,131,4
2007,132,7
1925,132,1
1777,132,5
1878,132,3
1943,132,2
1801,132,4
1939,132,6
1879,132,0
1904,132,8
1737,132,9
1983,133,6
1972,133,7
1943,133,8
1923,133,0
1884,133,2
2028,133,1
1943,133,3
1843,133,5
1928,133,4
1885,133,9
1969,134,2
2053,134,7
1985,134,8
1864,134,5
2005,134,3
2012,134,1
2025,134,6
1885,134,9
1928,134,4
1944,134,0
2025,135,6
1969,135,2
1985,135,8
1868,135,9
2053,135,7
1885,135,5
2032,135,1
1928,135,4
1965,135,0
2005,135,3
1969,136,2
1949,136,0
2057,136,7
2029,136,6
1989,136,8
2009,136,3
1848,136,5
2036,136,1
1869,136,9
1932,136,4
1873,137,5
1952,137,2
1933,137,0
1993,137,8
1933,137,6
1960,137,1
1916,137,4
1993,137,3
2041,137,7
1873,137,9
1856,138,5
1919,138,2
1954,138,0
1976,138,3
1915,138,4
1955,138,8
1898,138,1
1936,138,6
2044,138,7
1876,138,9
1916,139,0
1976,139,3
1899,139,1
1919,139,2
1936,139,6
1919,139,4
2024,139,7
1856,139,5
1940,139,8
1836,139,9
1919,140,2
1981,140,3
1945,140,1
1840,140,9
1919,140,4
2008,140,7
1920,140,0
1940,140,8
1920,140,6
1840,140,5
1819,141,2
1800,141,3
1800,141,6
1820,141,1
1800,141,0
1799,141,4
1759,141,9
1820,141,8
1799,141,7
1841,141,5
1842,142,2
1844,142,1
1761,142,4
1737,142,0
1797,142,8
1777,142,6
1801,142,3
1866,142,7
1738,142,9
1677,142,5
1861,143,6
1783,143,9
1869,143,1
1783,143,5
1903,143,3
1782,143,2
1867,143,4
1883,143,8
1822,143,0
1931,143,7
1867,144,2
1864,144,0
1924,144,3
1804,144,9
1924,144,6
1992,144,7
1884,144,4
1904,144,8
1909,144,1
1804,144,5
1961,145,3
1864,145,2
1941,145,6
1821,145,5
1841,145,9
1880,145,0
1913,145,4
1989,145,7
1921,145,8
1926,145,1
1924,146,8
1867,146,2
1923,146,3
1950,146,4
1924,146,0
1992,146,7
1944,146,6
1867,146,1
1824,146,5
1804,146,9
1887,147,2
1887,147,1
1803,147,5
1904,147,0
1964,147,3
1909,147,4
1846,147,8
1867,147,6
1763,147,9
1951,147,7
1852,148,2
1891,148,3
1831,148,6
1871,148,0
1897,148,4
1771,148,5
1830,148,1
1914,148,7
1751,148,9
1831,148,8
1810,149,8
1839,149,1
1901,149,2
1881,149,4
1871,149,0
1730,149,9
1708,149,5
1830,149,6
1911,149,3
1898,149,7
1861,150,2
1859,150,1
1855,150,8
1922,150,7
1915,150,3
1901,150,4
1855,150,6
1755,150,9
1875,150,0
1796,150,5
1754,151,2
1754,151,1
1715,151,3
1694,151,8
1714,151,4
1714,151,7
1693,151,6
1735,151,0
1735,151,5
1755,151,9
1833,152,3
1798,152,2
1732,152,0
1798,152,1
1633,152,9
1653,152,5
1821,152,7
1778,152,8
1814,152,6
1699,152,4
1721,153,2
1801,153,0
1761,153,1
1853,153,3
1837,153,6
1827,153,7
1745,153,4
1680,153,9
1660,153,5
1760,153,8
1806,154,1
1801,154,8
1861,154,3
1701,154,5
1780,154,0
1841,154,6
1786,154,2
1701,154,9
1785,154,4
1848,154,7
1806,155,2
1806,155,1
1801,155,8
1861,155,3
1820,155,6
1765,155,4
1701,155,5
1848,155,7
1801,155,0
1701,155,9
1806,156,2
1861,156,3
1828,156,8
1852,156,7
1701,156,9
1806,156,1
1801,156,0
1681,156,5
1781,156,6
1785,156,4
1788,157,1
1806,157,2
1768,157,0
1832,157,7
1773,157,4
1664,157,5
1807,157,8
1684,157,9
1732,157,6
1828,157,3
1672,158,5
1777,158,2
1719,158,1
1756,158,6
1815,158,8
1672,158,9
1772,158,0
1776,158,3
1840,158,7
1781,158,4
1781,159,4
1781,159,2
1819,159,8
1739,159,1
1756,159,6
1844,159,7
1756,159,0
1676,159,5
1776,159,3
1656,159,9
1761,160,1
1781,160,2
1722,160,4
1795,160,6
1844,160,7
1819,160,8
1676,160,5
1676,160,9
1740,160,0
1778,160,3
1643,161,0
1638,161,1
1638,161,2
1623,161,6
1619,161,3
1622,161,4
1623,161,8
1622,161,7
1639,161,9
1623,161,5
1646,162,8
1707,162,1
1728,162,2
1661,162,6
1521,162,5
1584,162,4
1521,162,9
1602,162,3
1565,162,0
1687,162,7
1627,163,1
1627,163,2
1689,163,3
1647,163,0
1583,163,9
1587,163,5
1711,163,8
1727,163,6
1752,163,7
1651,163,4
1693,164,2
1713,164,1
1689,164,3
1748,164,6
1650,164,4
1773,164,7
1668,164,0
1608,164,9
1732,164,8
1608,164,5
1671,165,1
1713,165,2
1752,165,7
1689,165,3
1693,165,4
1711,165,8
1706,165,6
1587,165,5
1567,165,9
1691,165,0
1570,166,9
1732,166,6
1695,166,8
1713,166,2
1671,166,1
1718,166,4
1736,166,7
1694,166,3
1691,166,0
1550,166,5
1655,167,1
1732,167,6
1712,167,0
1697,167,2
1718,167,4
1572,167,5
1757,167,7
1571,167,9
1758,167,3
1716,167,8
1717,168,8
1698,168,2
1698,168,1
1758,168,3
1713,168,0
1717,168,7
1593,168,5
1593,168,9
1692,168,6
1718,168,4
1698,169,1
1698,169,2
1713,169,0
1714,169,7
1758,169,3
1734,169,6
1613,169,5
1593,169,9
1719,169,4
1698,169,8
1656,170,6
1696,170,0
1698,170,2
1677,170,1
1718,170,4
1694,170,7
1592,170,5
1697,170,8
1674,170,3
1592,170,9
1592,171,1
1539,171,3
1571,171,2
1560,171,0
1560,171,6
1539,171,8
1540,171,7
1539,171,4
1518,171,9
1556,171,5
1648,172,2
1581,172,1
1584,172,4
1478,172,9
1563,172,8
1617,172,0
1457,172,5
1537,172,6
1579,172,7
1580,172,3
1589,173,2
1527,173,1
1458,173,9
1498,173,5
1621,173,7
1624,173,8
1639,173,0
1625,173,3
1599,173,6
1625,173,4
1540,174,9
1625,174,7
1647,174,3
1590,174,2
1628,174,1
1629,174,8
1544,174,5
1650,174,4
1684,174,6
1664,174,0
1643,175,0
1670,175,1
1649,175,8
1570,175,4
1732,175,2
1544,175,5
1646,175,7
1709,175,3
1524,175,9
1663,175,6
1691,176,2
1653,176,1
1590,176,4
1684,176,6
1544,176,9
1709,176,3
1626,176,0
1570,176,8
1609,176,7
1487,176,5
1629,177,0
1590,177,8
1527,177,5
1527,177,9
1653,177,1
1692,177,3
1667,177,6
1670,177,7
1590,177,4
1674,177,2
1611,178,1
1674,178,3
1649,178,7
1674,178,2
1589,178,8
1629,178,0
1667,178,6
1527,178,9
1654,178,4
1506,178,5
1611,179,1
1654,179,4
1548,179,5
1647,179,6
1629,179,0
1695,179,3
1506,179,9
1628,179,7
1695,179,2
1591,179,8
1629,180,0
1611,180,1
1649,180,7
1569,180,8
1635,180,4
1527,180,9
1647,180,6
1695,180,2
1527,180,5
1674,180,3
1508,181,0
1507,181,1
1528,181,9
1507,181,3
1486,181,2
1528,181,5
1466,181,7
1508,181,6
1487,181,8
1510,181,4
1512,182,4
1509,182,8
1593,182,2
1489,182,6
1587,182,7
1612,182,1
1405,182,9
1531,182,3
1547,182,0
1405,182,5
1617,183,3
1537,183,4
1594,183,1
1592,183,7
1571,183,6
1491,183,9
1491,183,5
1638,183,2
1611,183,0
1575,183,8
1636,184,7
1453,184,5
1618,184,0
1574,184,6
1680,184,2
1582,184,1
1558,184,4
1494,184,9
1599,184,3
1557,184,8
1478,185,5
1478,185,9
1582,185,1
1609,185,2
1620,185,7
1537,185,6
1590,185,4
1566,185,3
1524,185,8
1618,185,0
1629,186,2
1590,186,4
1601,186,0
1566,186,3
1603,186,7
1629,186,1
1461,186,5
1524,186,8
1461,186,9
1601,186,6
1603,187,7
1601,187,6
1440,187,9
1590,187,4
1629,187,2
1624,187,0
1629,187,1
1440,187,5
1566,187,3
1524,187,8
1420,188,5
1629,188,2
1581,188,6
1590,188,4
1566,188,3
1461,188,9
1629,188,1
1624,188,0
1524,188,8
1606,188,7
1591,189,4
1606,189,7
1525,189,8
1582,189,6
1650,189,2
1567,189,3
1461,189,5
1625,189,0
1461,189,9
1629,189,1
1650,190,2
1524,190,8
1604,190,0
1605,190,7
1650,190,1
1482,190,5
1503,190,9
1611,190,4
1567,190,3
1602,190,6
1419,191,3
1440,191,7
1419,191,1
1440,191,8
1441,191,9
1399,191,2
1462,191,0
1462,191,6
1462,191,5
1460,191,4
1401,192,6
1547,192,1
1566,192,2
1526,192,3
1316,192,9
1414,192,8
1503,192,7
1336,192,5
1499,192,0
1389,192,4
1493,193,3
1588,193,7
1520,193,6
1543,193,2
1440,193,9
1604,193,0
1592,193,4
1503,193,8
1583,193,1
1440,193,5
1609,194,2
1545,194,6
1612,194,3
1654,194,1
1465,194,9
1651,194,7
1610,194,0
1465,194,5
1486,194,8
1554,194,4
1591,195,2
1403,195,9
1590,195,0
1590,195,7
1504,195,6
1612,195,3
1593,195,1
1467,195,8
1555,195,4
1424,195,5
1525,196,6
1445,196,9
1555,196,4
1404,196,5
1613,196,2
1592,196,7
1572,196,1
1550,196,3
1487,196,8
1610,196,0
1613,197,2
1613,197,7
1508,197,8
1466,197,9
1585,197,6
1529,197,3
1589,197,0
1613,197,1
1487,197,5
1514,197,4
1588,198,6
1592,198,0
1595,198,2
1636,198,1
1490,198,8
1612,198,7
1532,198,3
1428,198,5
1497,198,4
1448,198,9
1577,199,2
1576,199,0
1596,199,7
1477,199,4
1572,199,6
1474,199,8
1432,199,9
1432,199,5
1490,199,3
1578,199,1
1431,200,8
1473,200,3
1368,200,9
1578,200,7
1557,200,2
1519,200,4
1530,200,6
1554,200,0
1390,200,5
1578,200,1
1389,201,9
1282,201,3
1389,201,7
1388,201,4
1389,201,8
1369,201,6
1389,201,0
1389,201,1
1389,201,2
1409,201,5
1494,202,2
1514,202,3
1309,202,8
1443,202,4
1403,202,6
1495,202,7
1449,202,0
1304,202,5
1452,202,1
1306,202,9
1517,203,7
1515,203,6
1550,203,4
1497,203,3
1542,203,1
1476,203,2
1374,203,8
1374,203,9
1518,203,0
1353,203,5
1395,204,5
1522,204,2
1542,204,7
1543,204,0
1563,204,1
1416,204,8
1520,204,3
1459,204,6
1395,204,9
1550,204,4
1509,205,3
1509,205,7
1527,205,0
1517,205,4
1505,205,2
1383,205,8
1342,205,5
1421,205,6
1362,205,9
1509,205,1
1321,206,9
1321,206,5
1467,206,7
1342,206,8
1488,206,2
1509,206,3
1486,206,0
1497,206,4
1510,206,1
1422,206,6
1401,207,6
1469,207,3
1489,207,7
1468,207,2
1518,207,4
1321,207,5
1507,207,0
1321,207,9
1405,207,8
1510,207,1
1489,208,3
1489,208,7
1510,208,1
1468,208,2
1342,208,9
1422,208,6
1342,208,5
1518,208,4
1405,208,8
1510,208,0
1448,209,2
1510,209,3
1461,209,6
1405,209,8
1342,209,5
1489,209,7
1342,209,9
1510,209,0
1510,209,1
1518,209,4
1467,210,2
1510,210,3
1482,210,6
1384,210,8
1489,210,7
1497,210,4
1342,210,9
1510,210,0
1342,210,5
1489,210,1
1299,211,9
1321,211,3
1341,211,4
1321,211,8
1342,211,5
1321,211,1
1342,211,2
1321,211,7
1321,211,0
1322,211,6
1448,212,7
1349,212,4
1259,212,9
1425,212,2
1404,212,3
1237,212,8
1358,212,6
1363,212,1
1216,212,5
1363,212,0
1425,213,7
1278,213,9
1432,213,4
1426,213,2
1422,213,6
1300,213,5
1448,213,3
1468,213,1
1342,213,8
1510,213,0
1510,214,3
1510,214,0
1510,214,7
1495,214,4
1464,214,6
1342,214,9
1489,214,2
1489,214,1
1405,214,8
1342,214,5
1510,215,3
1342,215,9
1489,215,7
1489,215,2
1342,215,5
1405,215,8
1489,215,0
1464,215,6
1474,215,4
1489,215,1
1321,216,9
1489,216,3
1489,216,2
1489,216,7
1453,216,4
1468,216,1
1362,216,8
1407,216,6
1342,216,5
1489,216,0
1473,217,7
1510,217,3
1489,217,2
1452,217,1
1458,217,4
1347,217,8
1407,217,6
1326,217,9
1326,217,5
1473,217,0
1409,218,3
1431,218,7
1437,218,4
1326,218,9
1494,218,2
1410,218,1
1407,218,6
1326,218,8
1326,218,5
1452,218,0
1473,219,7
1410,219,3
1326,219,9
1436,219,4
1347,219,8
1494,219,2
1468,219,6
1431,219,1
1473,219,0
1326,219,5
1431,220,3
1346,220,9
1453,220,7
1431,220,1
1473,220,0
1447,220,6
1347,220,8
1494,220,2
1436,220,4
1326,220,5
1326,221,6
1325,221,0
1305,221,3
1326,221,9
1325,221,2
1325,221,1
1325,221,7
1324,221,4
1326,221,5
1325,221,8
1306,222,1
1179,222,5
1348,222,0
1388,222,3
1321,222,6
1265,222,8
1433,222,7
1179,222,9
1333,222,4
1348,222,2
1410,223,1
1348,223,3
1407,223,6
1430,223,7
1429,223,8
1325,223,5
1393,223,4
1493,223,2
1283,223,9
1473,223,0
1451,224,3
1457,224,4
1449,224,6
1515,224,2
1452,224,1
1347,224,5
1494,224,0
1514,224,7
1452,224,8
1347,224,9
1515,225,7
1452,225,3
1413,225,4
1347,225,5
1449,225,6
1452,225,1
1495,225,2
1494,225,0
1326,225,9
1452,225,8
1371,226,6
1495,226,7
1411,226,1
1285,226,9
1452,226,8
1431,226,3
1392,226,4
1494,226,0
1493,226,2
1326,226,5
1452,227,3
1498,227,2
1498,227,7
1478,227,0
1441,227,1
1310,227,9
1371,227,6
1397,227,4
1415,227,8
1327,227,5
1461,228,2
1314,228,9
1478,228,3
1272,228,5
1398,228,8
1359,228,4
1354,228,6
1478,228,7
1421,228,1
1461,228,0
1461,229,0
1461,229,3
1421,229,1
1461,229,7
1339,229,8
1461,229,2
1437,229,6
1293,229,5
1313,229,9
1380,229,4
1422,230,2
1404,230,1
1444,230,0
1464,230,7
1444,230,3
1397,230,6
1337,230,4
1233,230,9
1318,230,5
1359,230,8
1255,231,1
1255,231,2
1275,231,3
1255,231,7
1254,231,4
1254,231,9
1255,231,6
1255,231,0
1276,231,8
1276,231,5
1338,232,3
1298,232,1
1359,232,7
1230,232,4
1317,232,2
1153,232,8
1128,232,5
1192,232,9
1273,232,6
1296,232,0
1380,233,3
1360,233,1
1325,233,6
1442,233,2
1274,233,5
1174,233,9
1421,233,0
1400,233,7
1318,233,4
1337,233,8
1446,234,7
1383,234,6
1446,234,3
1446,234,2
1425,234,0
1320,234,8
1278,234,9
1278,234,5
1385,234,1
1339,234,4
1278,235,5
1278,235,9
1446,235,2
1446,235,7
1383,235,3
1425,235,0
1322,235,4
1383,235,6
1385,235,1
1320,235,8
1278,236,9
1278,236,5
1425,236,0
1424,236,2
1406,236,1
1383,236,6
1320,236,8
1383,236,3
1446,236,7
1301,236,4
1446,237,7
1322,237,4
1387,237,8
1278,237,9
1383,237,6
1446,237,2
1383,237,3
1406,237,1
1446,237,0
1278,237,5
1429,238,2
1429,238,0
1366,238,3
1389,238,1
1387,238,8
1429,238,7
1265,238,4
1261,238,5
1328,238,6
1281,238,9
1394,239,3
1414,239,2
1268,239,4
1374,239,1
1414,239,7
1246,239,5
1226,239,9
1330,239,6
1414,239,0
1393,239,8
1414,240,3
1248,240,4
1394,240,7
1310,240,6
1394,240,2
1394,240,0
1373,240,8
1382,240,1
1226,240,9
1226,240,5
1166,241,4
1205,241,3
1188,241,2
1209,241,9
1209,241,8
1166,241,6
1188,241,0
1209,241,5
1209,241,1
1188,241,7
1272,242,6
1271,242,3
1250,242,2
1170,242,4
1228,242,8
1060,242,9
1250,242,0
1060,242,5
1249,242,7
1255,242,1
1313,243,3
1334,243,8
1233,243,4
1146,243,9
1356,243,2
1335,243,7
1334,243,6
1340,243,1
1356,243,0
1167,243,5
1356,244,3
1356,244,7
1356,244,2
1361,244,1
1254,244,4
1335,244,8
1356,244,0
1188,244,9
1188,244,5
1356,244,6
1254,245,4
1361,245,1
1188,245,9
1356,245,0
1356,245,2
1356,245,8
1356,245,3
1356,245,6
1188,245,5
1356,245,7
1166,246,5
1165,246,9
1254,246,4
1356,246,2
1356,246,7
1356,246,3
1361,246,1
1356,246,6
1356,246,8
1356,246,0
1356,247,3
1376,247,0
1166,247,5
1376,247,8
1208,247,9
1381,247,1
1376,247,7
1253,247,4
1354,247,2
1376,247,6
1376,248,7
1376,248,0
1376,248,3
1188,248,9
1373,248,6
1208,248,5
1376,248,2
1274,248,4
1381,248,1
1355,248,8
1335,249,8
1354,249,3
1255,249,4
1332,249,6
1382,249,1
1209,249,5
1377,249,0
1377,249,2
1377,249,7
1209,249,9
1297,250,4
1335,250,8
1377,250,2
1377,250,7
1377,250,3
1375,250,6
1360,250,1
1209,250,5
1377,250,0
1209,250,9
1188,251,0
1187,251,1
1188,251,3
1142,251,2
1166,251,7
1188,251,6
1166,251,4
1188,251,9
1188,251,5
1188,251,8
1081,252,5
1228,252,0
1205,252,6
1272,252,3
1081,252,9
1250,252,7
1191,252,4
1228,252,2
1216,252,1
1187,252,8
1321,253,1
1356,253,0
1291,253,6
1291,253,3
1081,253,5
1255,253,4
1356,253,7
1356,253,2
1312,253,8
1167,253,9
1356,254,0
1335,254,2
1333,254,6
1356,254,3
1188,254,9
1333,254,8
1335,254,7
1167,254,5
1342,254,1
1276,254,4
1312,255,8
1167,255,9
1188,255,5
1335,255,7
1356,255,3
1333,255,6
1276,255,4
1335,255,2
1342,255,1
1356,255,0
1188,256,9
1356,256,3
1102,256,5
1335,256,2
1356,256,0
1333,256,8
1333,256,6
1335,256,7
1342,256,1
1320,256,4
1335,257,2
1188,257,9
1333,257,8
1309,257,6
1356,257,3
1335,257,7
1356,257,0
1320,257,4
1342,257,1
1188,257,5
1229,258,5
1377,258,3
1376,258,7
1229,258,9
1383,258,1
1361,258,4
1376,258,2
1397,258,0
1330,258,6
1333,258,8
1207,259,9
1356,259,2
1361,259,4
1333,259,8
1376,259,7
1397,259,3
1397,259,0
1186,259,5
1351,259,6
1365,259,1
1358,260,2
1379,260,0
1190,260,5
1343,260,4
1312,260,6
1379,260,3
1315,260,8
1358,260,7
1365,260,1
1211,260,9
1190,261,0
1189,261,4
1170,261,9
1190,261,8
1170,261,6
1211,261,5
1170,261,3
1189,261,1
1190,261,7
1190,261,2
1104,262,9
1273,262,3
1231,262,0
1197,262,4
1187,262,8
1218,262,1
1084,262,5
1205,262,6
1231,262,7
1231,262,2
1322,263,4
1315,263,8
1291,263,6
1376,263,7
1211,263,5
1169,263,9
1365,263,1
1379,263,0
1358,263,2
1337,263,3
1343,264,4
1379,264,3
1365,264,1
1316,264,6
1376,264,7
1169,264,9
1379,264,0
1379,264,2
1294,264,8
1211,264,5
1194,265,9
1383,265,3
1276,265,8
1316,265,6
1349,265,1
1195,265,5
1363,265,0
1360,265,7
1327,265,4
1363,265,2
1313,266,6
1342,266,3
1214,266,9
1382,266,2
1214,266,5
1379,266,7
1296,266,8
1382,266,0
1346,266,4
1346,266,1
1296,267,8
1346,267,4
1379,267,7
1382,267,2
1214,267,5
1382,267,0
1355,267,6
1402,267,3
1214,267,9
1346,267,1
1174,268,5
1346,268,4
1314,268,6
1214,268,9
1369,268,1
1382,268,2
1276,268,8
1382,268,0
1382,268,3
1379,268,7
1364,269,0
1361,269,7
1176,269,9
1278,269,8
1364,269,2
1364,269,3
1369,269,1
1176,269,5
1316,269,6
1328,269,4
1258,270,8
1364,270,3
1358,270,7
1343,270,2
1262,270,4
1364,270,0
1196,270,9
1369,270,1
1316,270,6
1176,270,5
1153,271,4
1175,271,5
1154,271,0
1175,271,9
1154,271,3
1175,271,8
1132,271,1
1155,271,7
1153,271,2
1155,271,6
1168,272,6
1199,272,3
1008,272,9
1177,272,0
1008,272,5
1097,272,4
1204,272,1
1074,272,8
1199,272,2
1191,272,7
1323,273,6
1261,273,8
1328,273,0
1303,273,3
1224,273,4
1326,273,2
1179,273,5
1342,273,7
1331,273,1
1179,273,9
1331,274,2
1229,274,4
1163,274,9
1245,274,8
1315,274,1
1331,274,3
1163,274,5
1323,274,6
1326,274,7
1312,274,0
1312,275,0
1315,275,1
1229,275,4
1163,275,5
1326,275,7
1247,275,8
1331,275,2
1331,275,3
1143,275,9
1323,275,6
1276,276,0
1295,276,3
1193,276,4
1227,276,8
1295,276,2
1127,276,9
1287,276,6
1123,276,5
1290,276,7
1276,276,1
1268,277,7
1273,277,3
1105,277,5
1276,277,0
1105,277,9
1237,277,4
1273,277,2
1252,277,1
1265,277,6
1205,277,8
1276,278,0
1062,278,5
1286,278,6
1294,278,2
1104,278,9
1252,278,1
1289,278,7
1226,278,8
1294,278,3
1258,278,4
1294,279,3
1236,279,4
1252,279,1
1276,279,0
1126,279,9
1246,279,6
1104,279,5
1294,279,2
1226,279,8
1289,279,7
1256,280,4
1272,280,1
1226,280,8
1168,280,5
1296,280,0
1309,280,7
1336,280,3
1314,280,2
1266,280,6
1146,280,9
1126,281,9
1105,281,1
1104,281,4
1126,281,6
1125,281,3
1125,281,2
1126,281,7
1126,281,8
1062,281,5
1105,281,0
1100,282,6
1128,282,1
1129,282,2
1129,282,3
1152,282,0
1024,282,5
1030,282,4
1123,282,7
960,282,9
1060,282,8
1271,283,7
1212,283,8
1154,283,4
1276,283,2
1276,283,3
1234,283,1
1258,283,0
1244,283,6
1108,283,9
1088,283,5
1260,284,2
1212,284,8
1218,284,0
1236,284,1
1260,284,3
1092,284,9
1154,284,4
1232,284,7
1232,284,6
1112,284,5
1231,285,6
1231,285,7
1091,285,9
1091,285,5
1259,285,3
1211,285,8
1259,285,2
1221,285,0
1215,285,1
1157,285,4
1212,286,8
1188,286,6
1260,286,2
1232,286,7
1260,286,3
1092,286,5
1204,286,4
1092,286,9
1215,286,1
1201,286,0
1260,287,2
1254,287,6
1252,287,7
1215,287,1
1190,287,8
1260,287,3
1072,287,9
1204,287,4
1092,287,5
1221,287,0
1212,288,8
1221,288,0
1215,288,1
1183,288,4
1092,288,5
1230,288,6
1252,288,7
1092,288,9
1257,288,2
1260,288,3
1215,289,1
1092,289,5
1244,289,4
1240,289,3
1252,289,7
1252,289,6
1221,289,0
1191,289,8
1257,289,2
1092,289,9
1215,290,1
1224,290,4
1252,290,7
1092,290,9
1092,290,5
1221,290,0
1257,290,2
1212,290,8
1252,290,6
1260,290,3
1071,291,3
1092,291,8
1072,291,6
1072,291,7
1070,291,4
1071,291,2
1072,291,1
1092,291,5
1070,291,0
1072,291,9
1066,292,8
1057,292,0
926,292,5
1048,292,1
1106,292,6
1115,292,3
1106,292,7
1112,292,2
972,292,4
946,292,9
1176,293,1
1201,293,0
1239,293,2
1234,293,6
1194,293,8
1074,293,9
1213,293,7
1222,293,3
1074,293,5
1118,293,4
1214,294,7
1201,294,0
1156,294,1
1234,294,6
1118,294,4
1053,294,9
1242,294,3
1074,294,5
1194,294,8
1239,294,2
1234,295,6
1242,295,3
1216,295,2
1201,295,0
1053,295,5
1234,295,7
1194,295,8
1176,295,1
1074,295,9
1188,295,4
1215,296,6
1223,296,3
1157,296,1
1182,296,0
1215,296,7
1035,296,5
1034,296,9
1187,296,4
1155,296,8
1198,296,2
1215,297,7
1055,297,5
1157,297,1
972,297,9
1203,297,3
1182,297,0
1198,297,2
1187,297,4
1155,297,8
1194,297,6
1243,298,3
1187,298,4
1161,298,1
1198,298,2
1182,298,0
1055,298,5
1215,298,6
1155,298,8
1215,298,7
1075,298,9
1079,299,9
1159,299,7
1207,299,3
1181,299,1
1176,299,6
1171,299,4
1059,299,5
1202,299,2
1166,299,0
1179,299,8
