49,4,1.55594,1.08488
50,4,1.61036,1.12906
51,4,1.64772,1.1594
52,4,1.69599,1.19456
53,4,1.75599,1.22512
54,4,1.80691,1.25234
55,4,1.86108,1.25853
56,4,1.89303,1.25836
57,4,1.91169,1.25415
58,4,1.90959,1.23631
59,4,1.9139,1.23235
60,4,1.91574,1.22887
61,4,1.92534,1.24439
62,4,1.94115,1.2516
63,4,1.945,1.25469
64,4,1.95785,1.2688
65,4,1.98255,1.28262
66,4,1.98926,1.29617
67,4,1.98267,1.3018
68,4,1.98446,1.29834
69,4,1.97694,1.30158
70,4,1.96619,1.29709
71,4,1.95628,1.29481
72,4,1.9511,1.28281
73,4,1.95226,1.27613
74,4,1.96163,1.26294
75,4,1.98163,1.2417
76,4,2.01242,1.21152
77,4,2.03383,1.17554
78,4,2.03851,1.1571
79,4,2.05284,1.16184
80,4,2.04584,1.16382
81,4,2.0452,1.16463
82,4,2.05668,1.17425
83,4,2.07581,1.19315
84,4,2.10636,1.22056
85,4,2.12666,1.24238
86,4,2.12614,1.2708
87,4,2.13161,1.29604
88,4,2.14809,1.30637
89,4,2.14643,1.30607
90,4,2.14686,1.30104
91,4,2.15518,1.29093
92,4,2.17199,1.28033
172,0,3.28149,1.74034
173,0,3.33697,1.72638
174,0,3.37864,1.70163
175,0,3.42304,1.68301
176,0,3.46979,1.67377
177,0,3.52126,1.65449
178,0,3.58319,1.63056
179,0,3.65453,1.59783
180,0,3.73586,1.5697
181,0,3.8097,1.56034
182,0,3.8779,1.54669
183,0,3.9351,1.52126
184,0,3.98421,1.50021
185,0,4.03211,1.4755
186,0,4.07361,1.45867
187,0,4.13223,1.46638
188,0,4.20782,1.47377
189,0,4.28469,1.49771
190,0,4.37283,1.52029
191,0,4.45705,1.52428
192,0,4.53596,1.52489
193,0,4.58522,1.50978
194,0,4.63571,1.48837
195,0,4.68007,1.45849
196,0,4.71849,1.44429
197,0,4.74662,1.42835
198,0,4.78371,1.41007
199,0,4.81927,1.3839
200,0,4.83463,1.35584
201,0,4.85936,1.32875
202,0,4.85924,1.30553
203,0,4.88495,1.31766
204,0,4.89276,1.31773
205,0,4.8971,1.31209
206,0,4.89125,1.30577
207,0,4.88448,1.29789
208,0,4.86126,1.29268
209,0,4.83321,1.28542
210,0,4.80597,1.26447
211,0,4.77761,1.23943
212,0,4.74995,1.20427
213,0,4.73074,1.17632
214,0,4.7333,1.14392
215,0,4.71134,1.10443
216,0,4.69851,1.05225
217,0,4.68975,1.01771
218,0,4.67899,0.988763
219,0,4.66764,0.982391
220,0,4.65333,0.986961
221,0,4.63517,1.00674
221,9,4.63517,1.00674
222,9,4.63472,1.02703
222,0,4.63472,1.02703
223,0,4.61668,1.04311
223,9,4.61668,1.04311
224,9,4.61742,1.04624
224,0,4.61742,1.04624
225,0,4.63624,1.05506
225,9,4.63624,1.05506
226,9,4.64121,1.07855
226,0,4.64121,1.07855
227,9,4.65318,1.10308
227,0,4.65318,1.10308
228,9,4.67737,1.12299
228,0,4.67737,1.12299
229,0,4.68633,1.14212
229,9,4.68633,1.14212
230,0,4.68664,1.16669
230,9,4.68664,1.16669
231,0,4.70191,1.16307
231,9,4.70191,1.16307
232,9,4.73895,1.17228
232,0,4.73895,1.17228
233,0,4.78314,1.17357
233,9,4.78314,1.17357
234,9,4.81462,1.18453
234,0,4.81462,1.18453
235,9,4.84467,1.18953
235,0,4.84467,1.18953
236,0,4.86974,1.18354
236,9,4.86974,1.18354
237,0,4.89815,1.17017
237,9,4.89815,1.17017
238,0,4.90347,1.16107
238,9,4.90347,1.16107
239,0,4.90518,1.15558
239,9,4.90518,1.15558
240,9,4.89245,1.15836
240,0,4.89245,1.15836
241,0,4.90872,1.15223
241,9,4.90872,1.15223
242,9,4.92901,1.15083
242,0,4.92901,1.15083
243,0,4.9322,1.13707
243,9,4.9322,1.13707
244,9,4.94225,1.11644
244,0,4.94225,1.11644
245,0,4.93559,1.0866
245,9,4.93559,1.0866
246,0,4.91344,1.05333
246,9,4.91344,1.05333
247,9,4.88705,1.03251
247,0,4.88705,1.03251
248,0,4.8662,1.01516
248,9,4.8662,1.01516
249,9,4.85144,0.998212
249,0,4.85144,0.998212
250,9,4.83101,0.983177
250,0,4.83101,0.983177
251,9,4.79857,0.972111
251,0,4.79857,0.972111
252,0,4.77393,0.965733
252,9,4.77393,0.965733
253,9,4.75722,0.956884
253,0,4.75722,0.956884
254,0,4.75534,0.947676
254,9,4.75534,0.947676
255,9,4.76175,0.951832
255,0,4.76175,0.951832
256,0,4.77422,0.956718
256,9,4.77422,0.956718
257,9,4.77236,0.945846
257,0,4.77236,0.945846
258,9,4.79929,0.938444
258,0,4.79929,0.938444
259,0,4.80997,0.937907
259,9,4.80997,0.937907
260,0,4.83323,0.94613
260,9,4.83323,0.94613
261,9,4.85812,0.969197
261,0,4.85812,0.969197
262,9,4.89148,1.00205
262,0,4.89148,1.00205
263,0,4.91177,1.02282
263,9,4.91177,1.02282
264,0,4.93681,1.03639
264,9,4.93681,1.03639
265,0,4.95465,1.04291
265,9,4.95465,1.04291
266,9,4.96835,1.05326
266,0,4.96835,1.05326
267,0,5.0077,1.06116
267,9,5.0077,1.06116
268,9,5.03792,1.07125
268,0,5.03792,1.07125
269,0,5.05868,1.08411
269,9,5.05868,1.08411
270,9,5.07247,1.08568
270,0,5.07247,1.08568
271,0,5.09345,1.08465
271,9,5.09345,1.08465
272,0,5.1152,1.07322
272,9,5.1152,1.07322
273,0,5.12126,1.06592
273,9,5.12126,1.06592
274,0,5.1442,1.06425
274,9,5.1442,1.06425
275,0,5.17495,1.0494
275,9,5.17495,1.0494
276,9,5.21422,1.03707
276,0,5.21422,1.03707
277,9,5.2342,1.01646
277,0,5.2342,1.01646
278,9,5.25673,0.991651
278,0,5.25673,0.991651
279,9,5.28593,0.958151
279,0,5.28593,0.958151
280,9,5.3296,0.920766
280,0,5.3296,0.920766
281,9,5.36281,0.867263
281,0,5.36281,0.867263
282,9,5.39858,0.82601
282,0,5.39858,0.82601
283,9,5.42091,0.79304
283,0,5.42091,0.79304
284,9,5.45148,0.735412
284,0,5.45148,0.735412
285,9,5.44732,0.696036
285,0,5.44732,0.696036
286,0,5.45529,0.675131
286,9,5.45529,0.675131
287,0,5.46974,0.640849
287,9,5.46974,0.640849
288,9,5.47413,0.604946
288,0,5.47413,0.604946
289,9,5.50179,0.569261
289,0,5.50179,0.569261
290,0,5.53457,0.538569
290,9,5.53457,0.538569
291,0,5.55652,0.504791
291,9,5.55652,0.504791
292,0,5.5732,0.486088
292,9,5.5732,0.486088
293,0,5.59358,0.477356
293,9,5.59358,0.477356
294,9,5.61807,0.461161
294,0,5.61807,0.461161
295,9,5.62686,0.446052
295,0,5.62686,0.446052
296,9,5.63849,0.438209
296,0,5.63849,0.438209
297,9,5.64168,0.435053
297,0,5.64168,0.435053
298,9,5.64082,0.439983
298,0,5.64082,0.439983
299,0,5.64052,0.441981
299,9,5.64052,0.441981
300,9,5.6279,0.449365
300,0,5.6279,0.449365
